UF,MUNICIPIO,TOTAL,AUTOMOVEL,BONDE,CAMINHAO,CAMINHAO_TRATOR,CAMINHONETE,CAMIONETA,CHASSI_PLATAFORMA,CICLOMOTOR,MICRO_ONIBUS,MOTOCICLETA,MOTONETA,ONIBUS,QUADRICICLO,REBOQUE,SEMI_REBOQUE,SIDE_CAR,OUTROS,TRATOR_ESTEIRA,TRATOR_RODAS,TRICICLO,UTILITARIO
RS,ACEGUA,5030,2622,0,120,125,814,136,0,2,20,685,38,40,0,177,198,0,7,0,7,0,39
RS,AGUA SANTA,3315,1546,0,271,59,568,117,0,2,13,519,35,23,0,48,61,0,6,0,3,1,43
RS,AGUDO,12587,6832,0,426,149,1523,424,0,2,20,2279,125,84,0,319,256,0,15,1,18,2,112
RS,AJURICABA,6798,3312,0,528,108,1088,336,0,1,30,911,61,34,0,131,151,0,4,0,3,1,99
RS,ALECRIM,4976,2737,0,143,9,534,143,1,1,10,1192,38,41,0,88,8,1,4,0,1,1,24
RS,ALEGRETE,46546,25239,0,1244,384,5544,1738,0,52,83,7959,1384,319,0,1511,536,9,29,0,41,8,466
RS,ALEGRIA,2863,1442,0,129,10,347,111,0,0,5,714,24,28,0,13,14,0,0,0,0,0,26
RS,ALMIRANTE TAMANDARE DO SUL,1810,888,0,148,12,308,62,0,0,16,272,22,7,0,41,13,0,0,0,3,0,18
RS,ALPESTRE,5622,2752,0,228,89,645,125,0,0,22,1313,84,67,0,90,156,0,5,0,0,0,46
RS,ALTO ALEGRE,1542,794,0,136,14,250,40,0,0,7,229,15,7,0,22,14,0,3,0,3,0,8
RS,ALTO FELIZ,2735,1434,0,137,28,299,99,0,1,16,488,53,17,0,69,30,0,2,0,31,1,30
RS,ALVORADA,104754,68339,0,1809,357,4293,4248,6,66,241,19267,1929,605,0,2467,440,3,59,1,81,12,531
RS,AMARAL FERRADOR,4233,2155,0,178,24,344,120,0,1,20,1137,77,28,0,94,37,0,2,0,6,0,10
RS,AMETISTA DO SUL,6622,3235,0,144,26,754,261,1,0,16,1837,86,54,0,72,34,0,2,0,0,1,99
RS,ANDRE DA ROCHA,978,535,0,81,7,174,44,0,1,17,64,3,11,0,19,4,0,3,0,1,1,13
RS,ANTA GORDA,6051,3228,0,336,175,769,184,0,2,31,705,84,18,0,155,268,1,3,0,4,0,88
RS,ANTONIO PRADO,12574,6501,0,782,357,1934,645,0,10,20,1037,194,61,0,251,416,0,16,0,12,2,336
RS,ARAMBARE,2794,1592,0,87,16,252,74,0,4,9,509,44,18,0,118,21,0,11,0,11,0,28
RS,ARARICA,5465,3245,0,141,22,387,203,0,8,12,893,206,22,0,219,19,0,13,0,33,0,42
RS,ARATIBA,5643,3155,0,246,21,762,171,0,0,33,925,89,43,0,109,22,0,7,0,1,0,59
RS,ARROIO DO MEIO,20433,10511,0,868,178,1634,944,0,16,76,3308,1354,76,0,802,227,0,36,0,68,3,332
RS,ARROIO DO PADRE,2480,1206,0,159,24,283,62,0,1,6,599,20,16,0,49,29,0,3,0,13,0,10
RS,ARROIO DO SAL,6888,4087,0,149,16,573,310,0,18,17,878,234,27,0,423,17,2,23,0,12,3,99
RS,ARROIO DO TIGRE,9295,4921,0,415,62,1173,338,0,3,26,1732,177,56,0,186,70,1,8,0,4,3,120
RS,ARROIO DOS RATOS,9418,5754,0,280,69,700,331,0,11,32,1554,151,94,0,269,83,1,10,0,14,5,60
RS,ARROIO GRANDE,13965,7351,0,388,96,1360,420,2,18,42,2844,410,83,0,669,172,0,9,0,18,0,83
RS,ARVOREZINHA,9951,5870,0,685,105,1296,326,0,2,46,986,129,61,0,158,134,0,33,0,12,2,106
RS,AUGUSTO PESTANA,7074,3351,0,666,102,1129,202,0,3,22,1086,82,44,0,180,121,0,10,0,1,0,75
RS,AUREA,3057,1704,0,229,24,453,76,0,0,5,465,18,8,0,18,28,0,0,0,0,1,28
RS,BAGE,83979,48743,0,1646,520,7358,3111,0,53,273,15146,2095,431,0,2739,877,11,61,0,35,16,864
RS,BALNEARIO PINHAL,5927,3799,0,149,7,349,199,0,7,18,838,122,42,0,330,13,1,13,0,1,2,37
RS,BARAO,5342,3086,0,264,40,545,229,0,0,34,705,102,54,0,151,39,0,5,0,12,0,76
RS,BARAO DE COTEGIPE,5715,3092,0,351,85,833,173,0,0,16,633,94,24,0,154,134,0,9,0,2,0,115
RS,BARAO DO TRIUNFO,4629,2062,0,179,7,468,90,0,1,24,1597,37,92,0,45,9,0,1,0,2,0,15
RS,BARRA DO GUARITA,1515,838,0,33,48,104,29,0,1,9,322,49,6,0,18,51,0,1,0,0,0,6
RS,BARRA DO QUARAI,2617,1772,0,37,39,296,88,0,2,8,201,23,15,0,72,47,0,2,0,0,1,14
RS,BARRA DO RIBEIRO,8105,4954,0,269,37,698,349,1,22,19,1028,113,68,0,381,55,0,14,0,28,1,68
RS,BARRA DO RIO AZUL,1323,678,0,61,3,230,28,0,0,11,267,12,13,0,6,2,0,0,0,0,0,12
RS,BARRA FUNDA,2437,1155,0,211,65,358,78,0,0,5,320,33,26,0,56,95,0,5,0,3,0,27
RS,BARRACAO,3805,2346,0,215,31,573,109,0,0,14,334,22,22,0,40,53,0,1,0,2,0,43
RS,BARROS CASSAL,7340,3991,0,262,38,871,179,0,1,40,1629,62,87,0,57,58,0,5,0,18,1,41
RS,BENJAMIN CONSTANT DO SUL,1154,667,0,40,9,117,20,0,0,10,228,7,20,0,13,16,0,0,0,0,0,7
RS,BENTO GONCALVES,99994,57543,0,3609,1044,8623,5665,0,23,363,11478,5060,403,0,2086,1285,2,120,0,105,13,2572
RS,BOA VISTA DAS MISSOES,1958,968,0,121,49,292,52,0,1,5,260,33,13,0,50,83,0,3,0,1,0,27
RS,BOA VISTA DO BURICA,7019,3300,0,364,89,723,252,0,3,15,1525,307,42,0,160,124,0,11,0,5,0,99
RS,BOA VISTA DO CADEADO,1803,729,0,201,28,392,48,0,0,9,277,6,21,0,38,36,0,3,0,3,0,12
RS,BOA VISTA DO INCRA,1958,952,0,146,26,340,49,0,1,5,308,17,13,0,44,38,1,2,0,1,1,14
RS,BOA VISTA DO SUL,2671,1303,0,389,83,352,60,0,1,14,245,45,17,0,39,87,0,2,0,8,1,25
RS,BOM JESUS,7465,4422,0,458,67,1113,316,0,1,70,622,24,87,0,161,48,0,8,0,7,0,61
RS,BOM PRINCIPIO,12500,7094,0,592,135,1204,646,0,4,43,1506,276,57,0,520,144,0,21,2,36,0,220
RS,BOM PROGRESSO,1712,909,0,68,6,150,52,0,0,11,444,30,8,0,23,6,0,0,0,0,0,5
RS,BOM RETIRO DO SUL,10263,5852,0,266,74,684,401,0,23,22,1955,418,53,0,318,89,0,19,0,11,2,76
RS,BOQUEIRAO DO LEAO,5581,2999,0,207,9,563,130,0,1,19,1392,66,24,0,89,14,0,7,0,21,0,40
RS,BOSSOROCA,3989,2101,0,282,36,643,113,0,9,16,528,50,20,0,115,36,0,3,0,2,2,33
RS,BOZANO,1812,797,0,215,21,363,43,0,0,9,259,18,8,0,34,32,0,1,0,2,0,10
RS,BRAGA,2635,1387,0,139,19,216,51,0,2,7,644,77,25,0,30,27,0,3,0,0,0,8
RS,BROCHIER,5099,2504,0,367,33,394,121,0,2,15,1197,202,33,0,154,27,0,9,0,4,0,37
RS,BUTIA,13482,7975,0,475,237,874,579,0,19,60,1851,402,164,0,414,313,1,10,2,28,1,77
RS,CACAPAVA DO SUL,24785,14449,0,941,282,2717,942,1,174,98,3216,278,236,0,905,336,1,27,1,21,3,157
RS,CACEQUI,6294,3622,0,224,42,713,222,0,7,22,917,103,41,0,258,68,0,2,0,6,3,44
RS,CACHOEIRA DO SUL,60694,35802,0,1552,361,5331,2304,0,41,159,9215,2119,256,1,2352,485,1,56,0,74,5,580
RS,CACHOEIRINHA,96105,61681,0,2562,717,5506,4382,1,108,259,13139,2049,535,1,3111,657,0,101,0,74,7,1215
RS,CACIQUE DOBLE,3178,1772,0,167,48,505,81,0,0,9,388,22,20,0,53,79,0,5,0,0,0,29
RS,CAIBATE,4250,2267,0,208,117,643,99,0,0,9,563,84,11,0,97,116,0,1,0,2,0,33
RS,CAICARA,4096,1862,0,151,36,435,101,0,0,11,1178,143,22,0,62,56,0,3,0,0,1,35
RS,CAMAQUA,51402,27045,0,1697,692,4322,1673,0,90,89,10213,2475,285,0,1406,773,10,59,0,52,8,513
RS,CAMARGO,2787,1451,0,267,56,476,80,0,2,7,243,27,23,0,55,72,0,4,0,0,0,24
RS,CAMBARA DO SUL,4138,2301,0,292,46,578,174,0,1,15,343,31,55,0,154,66,0,14,0,3,0,65
RS,CAMPESTRE DA SERRA,2465,1157,0,239,89,406,107,0,1,5,227,27,13,0,60,120,0,2,0,2,0,10
RS,CAMPINA DAS MISSOES,5298,2652,0,243,39,574,216,0,6,11,1185,73,44,0,138,43,0,8,0,3,0,63
RS,CAMPINAS DO SUL,4730,2642,0,272,84,674,159,0,0,22,509,90,23,0,90,83,0,3,0,0,1,78
RS,CAMPO BOM,49594,30025,0,968,181,2544,2375,0,113,110,7606,2782,89,0,1567,250,2,83,0,80,4,815
RS,CAMPO NOVO,4440,2512,0,254,73,497,118,0,4,16,630,88,32,0,74,96,1,0,0,4,1,40
RS,CAMPOS BORGES,3212,1712,0,222,36,452,89,1,0,11,479,47,21,0,61,53,0,4,0,2,0,22
RS,CANDELARIA,22110,12131,0,637,122,2083,774,0,9,57,4552,580,151,0,576,172,2,23,0,14,3,224
RS,CANDIDO GODOI,6250,2984,0,421,39,816,262,0,2,15,1353,91,23,0,107,46,0,8,0,4,0,79
RS,CANDIOTA,7808,4468,0,279,56,870,235,1,4,60,1087,86,88,0,419,67,0,13,0,9,4,62
RS,CANELA,36590,23577,0,749,83,3029,2215,0,30,149,3866,702,126,1,1094,92,0,78,0,28,6,765
RS,CANGUCU,46695,23328,0,1786,446,4277,1042,0,22,165,12514,593,289,0,1178,751,2,56,0,45,6,195
RS,CANOAS,244235,155679,0,5055,3389,12467,11649,1,288,615,32589,5360,1150,1,7714,4202,3,195,4,307,45,3522
RS,CANUDOS DO VALE,1221,607,0,43,5,149,48,0,2,12,275,15,10,0,22,6,0,2,0,12,0,13
RS,CAPAO BONITO DO SUL,1105,588,0,86,10,221,38,0,1,7,109,3,3,0,16,8,0,2,0,0,0,13
RS,CAPAO DA CANOA,44380,24396,0,684,81,3120,2178,2,144,93,6979,3120,133,0,2317,91,2,110,0,38,14,878
RS,CAPAO DO CIPO,2397,1023,0,201,38,400,52,0,6,8,488,11,11,0,74,56,0,4,1,2,0,22
RS,CAPAO DO LEAO,18334,9427,0,581,465,1012,442,0,34,29,4258,434,53,0,920,543,0,33,0,36,3,64
RS,CAPELA DE SANTANA,6565,4011,0,253,52,467,200,0,13,17,962,100,28,0,337,56,0,13,0,10,1,45
RS,CAPITAO,2470,1237,0,118,12,239,75,0,0,9,575,99,11,0,52,17,0,5,0,9,0,12
RS,CAPIVARI DO SUL,3755,1767,0,214,178,494,122,0,1,21,342,39,23,0,307,127,0,15,0,28,0,77
RS,CARAA,4291,2379,0,137,3,469,123,0,6,23,915,68,35,0,80,5,0,8,0,15,5,20
RS,CARAZINHO,51414,28582,0,1577,763,4795,2271,0,15,138,7308,2254,239,1,1313,1382,3,93,0,15,9,656
RS,CARLOS BARBOSA,25585,14607,0,995,282,2556,1423,0,30,70,2797,1023,172,0,628,300,0,36,0,47,3,616
RS,CARLOS GOMES,1030,588,0,71,4,129,30,0,0,16,167,4,9,0,3,4,0,0,0,1,0,4
RS,CASCA,9487,5246,0,611,261,1318,434,0,2,26,725,73,36,0,181,321,1,24,0,14,1,213
RS,CASEIROS,2787,1575,0,226,33,461,73,0,1,11,268,8,17,0,56,35,0,5,0,2,0,16
RS,CATUIPE,7876,4012,0,554,106,1091,217,0,3,18,1379,149,47,0,134,98,1,1,0,1,1,64
RS,CAXIAS DO SUL,374358,234173,0,9417,2886,29454,21157,0,398,1494,41498,7768,1841,5,10264,4287,5,460,1,296,55,8899
RS,CENTENARIO,2319,1284,0,157,21,384,80,0,1,12,302,8,13,0,17,19,0,0,0,1,0,20
RS,CERRITO,4288,2058,0,204,67,346,107,0,3,19,1077,75,21,0,159,107,0,13,1,8,0,23
RS,CERRO BRANCO,3021,1628,0,81,24,297,76,0,2,11,701,52,44,0,62,24,0,2,0,4,1,12
RS,CERRO GRANDE,1929,1046,0,63,18,186,37,0,1,3,468,44,13,0,12,24,0,1,0,0,0,13
RS,CERRO GRANDE DO SUL,9181,4200,0,383,62,762,124,1,5,22,3213,136,32,0,127,75,0,2,0,5,0,32
RS,CERRO LARGO,12455,6516,0,465,366,1247,496,0,10,13,2077,323,54,0,370,309,1,11,0,10,0,187
RS,CHAPADA,9660,4964,0,587,184,1266,366,0,1,72,1452,161,44,0,145,305,0,8,0,0,0,105
RS,CHARQUEADAS,22342,13947,0,505,139,1224,902,1,17,92,3216,496,267,0,1082,184,2,30,0,55,4,179
RS,CHARRUA,1723,934,0,137,3,265,60,1,0,8,250,17,13,0,18,6,0,1,0,0,0,10
RS,CHIAPETTA,3327,1869,0,210,52,479,115,0,2,19,355,44,16,0,49,84,0,2,0,3,0,28
RS,CHUI,8493,5563,0,138,197,637,419,0,5,25,588,143,11,0,301,213,1,17,0,1,0,234
RS,CHUVISCA,3990,2027,0,197,51,428,79,0,2,6,955,54,37,0,60,66,0,6,0,3,0,19
RS,CIDREIRA,7782,4921,0,122,5,487,328,0,14,22,1209,150,40,0,374,4,0,23,0,4,4,75
RS,CIRIACO,4345,2622,0,205,32,530,136,0,0,16,562,68,28,0,59,37,0,10,0,2,0,38
RS,COLINAS,2300,1247,0,80,20,188,94,0,3,10,382,77,13,0,93,40,0,6,0,16,0,31
RS,COLORADO,3299,1595,0,311,38,670,112,0,1,19,364,42,11,0,58,46,0,5,0,0,2,25
RS,CONDOR,6102,3219,0,387,80,928,267,0,0,35,737,70,49,0,119,112,0,1,0,8,0,90
RS,CONSTANTINA,9018,5193,0,559,59,1071,297,0,2,21,1058,217,88,0,190,83,0,11,0,8,1,160
RS,COQUEIRO BAIXO,946,533,0,33,0,123,25,0,2,6,160,23,2,0,12,0,0,1,0,14,0,12
RS,COQUEIROS DO SUL,2034,993,0,163,13,333,46,0,0,14,400,15,10,0,23,12,0,4,0,1,0,7
RS,CORONEL BARROS,2288,1166,0,193,27,367,78,0,0,1,300,23,8,0,64,34,0,2,0,1,0,24
RS,CORONEL BICACO,5557,3122,0,340,50,660,140,0,1,19,805,134,43,0,113,74,0,4,0,2,1,49
RS,CORONEL PILAR,1272,594,0,231,11,228,37,0,0,6,93,11,8,0,23,8,0,2,0,2,0,18
RS,COTIPORA,3491,1795,0,352,15,586,128,0,2,11,349,71,23,0,61,10,0,5,0,5,0,78
RS,COXILHA,2684,1429,0,173,81,440,102,0,2,5,219,16,14,0,66,95,0,11,0,4,0,27
RS,CRISSIUMAL,12248,5652,0,501,64,1113,471,0,28,26,3601,297,65,0,193,64,0,17,1,8,2,145
RS,CRISTAL,5695,3059,0,264,141,510,158,0,3,12,977,87,77,0,168,169,1,9,0,17,4,39
RS,CRISTAL DO SUL,2144,1092,0,81,17,197,46,0,0,16,586,38,20,0,24,14,0,0,0,0,0,13
RS,CRUZ ALTA,46475,26187,0,1460,477,4720,1885,0,57,147,7637,1165,190,0,1123,731,3,65,0,21,19,588
RS,CRUZALTENSE,1610,778,0,102,9,262,39,0,0,9,333,15,10,0,27,11,0,3,0,0,0,12
RS,CRUZEIRO DO SUL,11961,5991,0,717,216,949,450,0,12,15,2018,583,41,0,537,223,1,33,0,37,3,135
RS,DAVID CANABARRO,4355,2376,0,227,48,630,129,0,3,11,692,46,24,0,49,56,0,6,0,1,0,57
RS,DERRUBADAS,2106,942,0,178,4,246,60,0,0,7,601,21,14,0,13,6,0,2,0,1,0,11
RS,DEZESSEIS DE NOVEMBRO,1987,973,0,83,19,282,41,0,0,8,475,37,10,0,35,19,0,0,0,0,0,5
RS,DILERMANDO DE AGUIAR,1519,754,0,66,13,201,51,0,0,2,301,16,30,0,52,15,0,0,0,11,0,7
RS,DOIS IRMAOS,23093,14367,0,541,113,1616,1382,0,26,36,2639,575,152,0,828,128,1,35,0,38,3,613
RS,DOIS IRMAOS DAS MISSOES,1547,777,0,117,27,231,50,0,0,7,234,16,7,0,28,42,0,0,0,0,0,11
RS,DOIS LAJEADOS,2855,1691,0,185,37,343,93,0,0,9,288,40,19,0,70,30,1,2,0,1,1,45
RS,DOM FELICIANO,10253,5455,0,354,33,985,230,0,2,31,2676,134,125,1,129,30,1,6,0,4,1,56
RS,DOM PEDRITO,29461,13928,1,818,332,3897,1153,1,236,57,5809,1405,77,0,847,468,6,27,0,12,13,374
RS,DOM PEDRO DE ALCANTARA,1756,779,0,130,4,162,44,0,2,6,475,78,9,0,51,5,0,3,0,1,0,7
RS,DONA FRANCISCA,2165,1166,0,48,22,261,59,0,0,3,490,27,10,0,42,24,0,1,0,2,0,10
RS,DOUTOR MAURICIO CARDOSO,4092,2119,0,273,20,507,155,0,2,20,742,61,18,0,99,25,0,6,0,2,0,43
RS,DOUTOR RICARDO,1699,992,0,100,11,215,38,0,0,8,234,28,10,0,20,20,0,0,0,8,1,14
RS,ELDORADO DO SUL,25530,14663,0,835,686,1516,1093,0,36,64,4060,347,110,0,902,834,0,27,0,46,4,307
RS,ENCANTADO,21279,11461,0,801,253,2011,950,0,19,81,3030,1176,141,0,553,308,0,42,0,38,2,413
RS,ENCRUZILHADA DO SUL,17609,9662,0,550,177,1777,607,0,16,48,3028,385,272,0,584,338,1,35,0,23,5,101
RS,ENGENHO VELHO,869,499,0,52,3,116,33,0,0,5,109,9,13,0,12,7,0,1,0,0,0,10
RS,ENTRE IJUIS,8647,4525,0,506,207,1105,269,0,2,9,1273,135,29,0,270,242,0,5,0,3,0,67
RS,ENTRE RIOS DO SUL,1764,1068,0,76,6,219,83,0,0,16,180,23,16,0,50,10,0,0,0,0,1,16
RS,EREBANGO,2237,1375,0,149,19,279,67,0,0,3,242,30,6,0,20,29,0,1,0,0,0,17
RS,ERECHIM,95210,53185,1,2689,1301,9254,4558,0,35,377,12102,4874,616,0,1859,2161,1,141,0,17,7,2032
RS,ERNESTINA,3229,1587,0,226,47,516,110,0,0,25,400,28,21,0,152,70,0,19,0,0,1,27
RS,ERVAL GRANDE,3447,1626,0,208,40,554,70,0,0,37,630,66,62,0,57,63,0,4,0,2,0,28
RS,ERVAL SECO,5229,3046,0,230,24,583,135,0,0,15,928,66,49,0,72,29,2,3,0,0,1,46
RS,ESMERALDA,2415,1445,0,145,15,437,89,0,0,6,165,0,21,0,49,18,0,1,0,0,0,24
RS,ESPERANCA DO SUL,2259,1098,0,87,10,201,68,0,1,8,673,37,25,0,21,18,0,3,0,1,0,8
RS,ESPUMOSO,15199,7852,0,987,183,2265,591,0,12,45,1984,396,102,0,339,245,1,22,0,12,5,158
RS,ESTACAO,5450,3211,0,275,92,709,180,0,1,13,445,148,38,0,117,108,0,13,0,1,2,97
RS,ESTANCIA VELHA,38614,23838,0,1211,124,2186,1877,1,40,93,5347,1084,131,0,1536,216,1,47,0,207,5,670
RS,ESTEIO,52644,34258,0,1176,515,2722,2351,2,122,142,6187,1140,189,1,2343,732,2,52,1,43,5,661
RS,ESTRELA,32356,16316,0,1442,1311,2584,1364,0,32,72,4167,1225,68,0,1356,1710,2,59,0,79,2,567
RS,ESTRELA VELHA,2767,1427,0,191,42,395,83,0,0,8,412,14,30,0,57,77,0,3,0,5,0,23
RS,EUGENIO DE CASTRO,2413,1286,0,157,35,369,58,0,0,12,307,18,20,0,97,42,0,0,0,1,0,11
RS,FAGUNDES VARELA,2378,1285,0,155,19,371,99,0,2,7,279,30,13,0,47,21,0,2,0,3,0,45
RS,FARROUPILHA,59150,36057,0,2697,834,4902,3400,0,105,291,5423,1258,343,1,1359,861,0,101,0,51,16,1451
RS,FAXINAL DO SOTURNO,5225,2834,0,219,39,772,153,0,14,5,824,73,22,0,148,42,0,2,0,11,2,65
RS,FAXINALZINHO,1465,859,0,78,16,208,40,0,0,5,183,10,11,0,24,22,0,2,0,0,0,7
RS,FAZENDA VILANOVA,3672,1947,0,190,49,294,111,0,5,14,687,77,31,0,147,72,0,6,0,14,0,28
RS,FELIZ,12392,6786,0,545,166,1204,600,0,9,29,1754,346,93,0,428,163,1,22,0,35,0,211
RS,FLORES DA CUNHA,29285,16091,0,1823,949,3263,1551,0,24,112,2259,407,184,1,791,968,0,55,0,35,0,772
RS,FLORIANO PEIXOTO,1523,812,0,99,4,222,47,0,0,11,274,7,25,0,15,3,0,0,0,0,0,4
RS,FONTOURA XAVIER,7444,4538,0,266,126,764,264,0,1,27,1071,34,68,0,69,157,0,10,0,10,0,39
RS,FORMIGUEIRO,4639,2553,0,223,37,551,92,0,6,8,834,57,26,0,161,63,0,4,0,6,0,18
RS,FORQUETINHA,2001,905,0,102,19,212,68,0,5,9,453,71,10,0,75,9,0,5,0,25,0,33
RS,FORTALEZA DOS VALOS,3911,1931,0,307,22,753,182,0,1,8,470,35,22,0,102,27,0,2,0,1,0,48
RS,FREDERICO WESTPHALEN,28337,15073,0,1041,360,2962,1239,0,5,59,4359,1533,124,0,616,398,5,27,0,5,4,527
RS,GARIBALDI,32763,17598,0,1801,1091,3233,1642,0,31,116,3103,1068,129,0,903,1160,0,35,1,40,2,810
RS,GARRUCHOS,1463,685,0,82,7,211,43,0,0,7,332,17,18,0,45,9,0,0,0,0,0,7
RS,GAURAMA,5311,2927,0,287,36,725,200,0,2,34,775,110,18,0,88,39,0,3,0,0,0,67
RS,GENERAL CAMARA,4958,2896,0,147,21,413,165,1,2,15,842,107,37,0,235,29,0,13,0,10,2,23
RS,GENTIL,1463,750,0,128,7,240,48,0,0,10,196,10,22,0,15,7,0,3,0,0,0,27
RS,GETULIO VARGAS,15207,8982,0,640,353,1582,627,1,6,53,1447,448,70,0,268,372,0,32,0,2,5,319
RS,GIRUA,13278,7501,0,749,273,1669,436,0,7,68,1510,228,57,0,321,331,0,10,0,5,1,112
RS,GLORINHA,6270,3641,0,307,78,604,212,0,7,20,803,101,18,0,300,92,0,9,3,19,0,56
RS,GRAMADO,34386,20854,0,768,89,3192,2246,1,41,138,3507,876,166,1,1158,81,5,98,0,44,16,1105
RS,GRAMADO DOS LOUREIROS,1320,819,0,60,11,174,31,0,1,5,154,9,21,0,18,11,0,1,0,0,0,5
RS,GRAMADO XAVIER,2647,1303,0,101,4,266,76,0,0,12,782,19,13,0,44,6,0,3,0,3,0,15
RS,GRAVATAI,190567,124493,0,3952,1013,10785,8156,0,243,553,25399,4485,767,2,6880,1031,3,251,3,223,29,2299
RS,GUABIJU,1259,669,0,78,26,247,44,0,0,4,97,8,11,0,23,29,0,6,0,0,0,17
RS,GUAIBA,63289,40363,0,1288,704,3914,2716,0,144,233,8640,831,373,0,2183,1080,2,69,0,145,9,595
RS,GUAPORE,21353,13761,0,609,145,2329,1053,0,17,53,1666,519,85,0,393,164,0,16,0,28,2,513
RS,GUARANI DAS MISSOES,6396,3348,0,393,193,756,242,0,1,13,886,107,46,0,165,194,1,3,0,12,0,36
RS,HARMONIA,4562,2548,0,256,37,461,131,0,4,13,680,130,7,0,177,47,0,8,0,19,0,44
RS,HERVAL,4788,2569,0,158,33,603,140,0,6,16,903,31,22,0,231,50,0,1,0,7,1,17
RS,HERVEIRAS,1701,939,0,97,0,186,47,0,0,4,381,7,2,0,22,4,0,2,0,0,1,9
RS,HORIZONTINA,18663,9783,0,474,514,1692,844,1,42,41,2793,901,71,0,540,609,1,33,0,1,1,322
RS,HULHA NEGRA,3554,1912,0,132,9,415,86,0,1,11,778,18,31,0,131,15,0,3,0,0,0,12
RS,HUMAITA,4201,2165,0,223,25,494,170,0,1,11,819,95,19,0,71,26,0,4,0,2,1,75
RS,IBARAMA,3098,1740,0,115,13,357,64,0,0,7,682,11,19,0,48,20,0,1,0,4,1,16
RS,IBIACA,4104,2095,0,331,31,810,138,0,0,17,384,62,38,0,83,32,0,14,0,4,0,65
RS,IBIRAIARAS,6888,3271,0,571,164,1282,241,0,3,20,700,33,40,0,140,260,0,16,0,3,0,144
RS,IBIRAPUITA,3288,2059,0,185,16,395,77,0,1,14,385,21,53,0,43,21,0,5,0,2,0,11
RS,IBIRUBA,20308,10712,0,1291,404,3130,994,0,8,86,1916,343,111,0,491,545,1,20,0,9,2,245
RS,IGREJINHA,28414,16436,0,766,114,1786,1205,4,111,63,4643,1619,84,0,919,134,1,42,0,26,18,443
RS,IJUI,71465,38274,0,2313,1586,7415,3025,0,57,192,10968,3244,153,0,1695,1401,1,81,1,12,3,1044
RS,ILOPOLIS,3777,2047,0,276,37,666,164,0,1,26,315,53,16,0,62,46,0,9,0,6,1,52
RS,IMBE,17960,10817,0,380,34,1189,792,0,28,34,2544,818,86,1,897,42,1,47,0,25,7,218
RS,IMIGRANTE,2557,1366,0,127,22,284,132,0,2,15,387,70,18,0,68,16,0,4,0,8,0,38
RS,INDEPENDENCIA,5878,3264,0,384,50,740,192,0,1,14,854,104,60,0,88,64,0,5,0,2,0,56
RS,INHACORA,1581,907,0,86,16,177,44,0,0,7,280,8,11,0,20,15,0,0,0,2,0,8
RS,IPE,5325,2829,0,385,56,1007,213,0,0,34,457,44,33,1,103,61,0,15,0,11,1,75
RS,IPIRANGA DO SUL,1867,882,0,182,18,331,75,0,0,10,236,25,15,0,32,26,0,7,0,3,0,25
RS,IRAI,5561,2879,0,193,80,521,174,0,0,13,1183,192,28,0,126,133,1,0,0,1,1,36
RS,ITAARA,3826,2181,0,175,33,417,179,0,2,8,502,50,28,0,131,41,0,4,0,18,2,55
RS,ITACURUBI,1975,1028,0,96,15,238,51,0,4,16,429,15,12,0,40,23,0,1,0,2,0,5
RS,ITAPUCA,1564,928,0,96,3,225,33,0,0,12,221,10,11,0,13,5,0,2,0,0,0,5
RS,ITAQUI,23073,11478,0,791,545,2376,693,0,24,49,4418,865,141,1,679,736,4,16,0,18,11,228
RS,ITATI,1928,919,0,98,33,215,65,0,2,10,365,42,13,0,112,33,0,10,0,2,0,9
RS,ITATIBA DO SUL,2251,1192,0,90,15,276,76,0,0,14,505,16,18,0,16,19,0,2,0,0,0,12
RS,IVORA,1361,688,0,98,5,271,26,0,0,5,200,10,8,0,28,7,0,1,0,4,1,9
RS,IVOTI,18648,11394,0,643,109,1325,1121,0,12,55,1946,437,144,0,777,113,0,54,0,15,6,497
RS,JABOTICABA,2983,1467,0,122,16,336,69,0,2,6,744,77,36,0,46,33,0,1,0,0,0,28
RS,JACUIZINHO,1715,876,0,103,12,243,32,0,0,8,349,17,25,0,30,13,0,1,0,0,0,6
RS,JACUTINGA,3351,1924,0,176,26,544,112,0,0,13,351,56,13,0,48,41,0,4,0,1,0,42
RS,JAGUARAO,24271,14129,0,413,506,2203,1083,0,27,35,3272,758,85,0,764,627,5,45,0,13,6,300
RS,JAGUARI,8409,4266,0,396,33,1352,274,0,17,48,1472,106,53,0,285,43,0,6,0,4,1,53
RS,JAQUIRANA,2734,1610,0,206,39,413,98,0,2,19,181,10,24,0,63,28,0,9,0,5,1,26
RS,JARI,2476,1168,0,143,12,343,73,0,1,18,608,14,15,0,50,11,0,3,0,1,0,16
RS,JOIA,6252,3114,0,451,59,869,136,0,4,25,1233,35,65,0,117,84,0,6,0,3,0,51
RS,JULIO DE CASTILHOS,14861,7540,0,853,381,2318,606,0,12,49,1591,199,88,0,425,606,0,12,0,23,3,155
RS,LAGOA BONITA DO SUL,1880,1054,0,84,11,248,37,0,1,15,372,3,16,0,12,16,0,0,0,3,0,8
RS,LAGOA DOS TRES CANTOS,1612,759,0,137,8,298,87,0,0,5,190,27,10,0,63,11,0,3,0,0,0,14
RS,LAGOA VERMELHA,22568,14040,0,828,152,3088,982,0,18,77,2022,251,87,0,433,194,1,24,0,3,2,366
RS,LAGOAO,3685,1915,0,135,3,449,142,1,1,16,890,24,55,0,21,4,0,7,0,2,0,20
RS,LAJEADO,84800,45459,0,2616,1278,6403,4940,0,186,223,11265,5033,310,0,2740,1699,8,201,0,170,22,2247
RS,LAJEADO DO BUGRE,1506,930,0,42,10,95,15,0,1,12,333,26,18,0,12,8,0,0,0,1,0,3
RS,LAVRAS DO SUL,4472,2535,0,149,14,650,166,0,1,14,657,25,38,0,157,22,0,5,0,6,1,32
RS,LIBERATO SALZANO,3715,1920,0,214,31,406,67,0,1,13,847,80,30,0,26,52,0,2,0,1,1,24
RS,LINDOLFO COLLOR,4385,2777,0,157,22,261,192,0,2,13,595,98,17,0,165,29,0,7,0,8,0,42
RS,LINHA NOVA,1374,752,0,95,4,154,52,0,0,8,215,30,4,0,35,3,0,3,0,4,0,15
RS,MACAMBARA,1588,792,0,68,31,208,47,0,4,7,271,12,50,0,43,37,0,3,0,4,1,10
RS,MACHADINHO,4208,2337,0,181,37,563,136,0,2,18,641,95,27,0,54,67,0,5,0,1,0,44
RS,MAMPITUBA,840,337,0,33,1,73,26,0,1,4,331,11,9,0,9,1,0,1,0,0,0,3
RS,MANOEL VIANA,4927,2566,0,250,93,704,168,1,3,11,618,60,26,0,248,123,2,5,0,4,0,45
RS,MAQUINE,5564,2964,0,318,45,534,192,1,4,18,924,131,29,0,301,45,0,7,0,5,0,46
RS,MARATA,2371,1161,0,163,4,218,65,0,1,9,515,124,17,0,65,5,0,4,0,8,0,12
RS,MARAU,38234,22144,0,1413,632,4564,1838,1,17,137,3781,1086,220,0,801,759,4,81,0,50,3,703
RS,MARCELINO RAMOS,3310,1851,0,162,54,399,104,0,0,25,485,47,29,0,55,66,0,3,0,1,0,29
RS,MARIANA PIMENTEL,3211,1786,0,167,5,318,78,0,1,12,687,18,36,0,79,6,0,3,0,4,0,11
RS,MARIANO MORO,1728,992,0,101,43,233,36,0,0,12,189,6,6,0,31,67,0,0,0,0,0,12
RS,MARQUES DE SOUZA,3218,1588,0,158,22,325,112,0,5,13,642,104,19,0,101,44,0,12,0,31,0,42
RS,MATA,3348,1696,0,130,48,425,87,0,2,10,694,23,29,0,111,77,0,2,0,1,0,13
RS,MATO CASTELHANO,2194,990,0,182,26,386,88,0,1,17,348,14,19,0,57,35,0,3,0,2,0,26
RS,MATO LEITAO,4339,2134,0,204,108,323,174,0,1,15,823,165,19,0,148,157,0,11,0,11,1,45
RS,MATO QUEIMADO,1683,739,0,119,41,227,24,0,0,10,350,67,10,0,34,46,0,6,0,2,0,8
RS,MAXIMILIANO DE ALMEIDA,4391,2345,0,228,148,519,105,0,0,19,538,66,46,0,102,245,0,0,0,1,0,29
RS,MINAS DO LEAO,4900,3206,0,131,56,379,157,0,3,30,563,62,52,0,166,74,0,1,0,4,0,16
RS,MIRAGUAI,4144,2162,0,171,55,329,98,0,4,14,1021,104,34,0,51,80,0,3,0,1,0,17
RS,MONTAURI,1536,765,0,124,52,281,47,0,1,6,140,6,7,0,23,56,0,2,0,0,1,25
RS,MONTE ALEGRE DOS CAMPOS,1855,894,0,149,7,306,53,0,0,6,354,4,33,0,30,6,0,0,0,5,0,8
RS,MONTE BELO DO SUL,2381,1176,0,316,28,305,87,0,0,6,264,54,28,0,46,44,0,4,0,2,0,21
RS,MONTENEGRO,53751,30698,0,1681,414,3357,2112,0,69,156,8534,2814,196,0,2354,520,2,90,0,125,11,618
RS,MORMACO,2026,1134,0,128,15,297,69,0,0,12,275,16,16,0,33,18,0,3,0,2,0,8
RS,MORRINHOS DO SUL,2410,959,0,191,37,172,56,0,0,3,739,90,5,0,97,39,0,3,0,5,1,13
RS,MORRO REDONDO,6344,3045,0,294,44,519,144,0,7,7,1704,172,28,0,261,78,0,9,0,3,0,29
RS,MORRO REUTER,5103,2994,0,263,13,464,237,0,1,20,587,78,23,0,273,10,0,7,0,17,0,116
RS,MOSTARDAS,8455,4601,0,401,102,856,377,0,0,37,1070,73,103,0,474,147,0,18,0,27,2,167
RS,MUCUM,3850,2295,0,105,27,392,178,0,1,12,502,125,26,0,100,23,0,1,0,4,1,58
RS,MUITOS CAPOES,1911,858,0,160,41,415,56,0,0,9,205,10,19,0,65,54,0,2,0,1,0,16
RS,MULITERNO,1487,726,0,135,19,269,37,0,0,7,209,17,12,0,20,17,0,1,0,2,0,16
RS,NAO-ME-TOQUE,16305,8695,0,676,238,1977,847,0,2,48,2102,549,91,0,454,289,2,27,0,2,1,305
RS,NICOLAU VERGUEIRO,1657,814,0,150,19,267,61,0,0,5,226,7,20,0,40,22,0,8,0,1,0,17
RS,NONOAI,8351,5232,0,320,64,954,277,0,6,28,913,117,68,0,192,81,0,9,0,2,0,88
RS,NOVA ALVORADA,2983,1702,0,227,17,460,92,0,0,7,301,16,17,0,61,20,0,3,0,0,0,60
RS,NOVA ARACA,3864,2354,0,153,68,483,157,0,2,19,352,44,48,0,60,58,1,9,0,3,0,53
RS,NOVA BASSANO,9250,4974,0,549,199,1283,449,0,6,30,1007,135,74,0,147,203,0,19,0,9,1,165
RS,NOVA BOA VISTA,1996,999,0,130,15,259,77,0,1,14,424,25,6,0,11,22,0,0,0,1,0,12
RS,NOVA BRESCIA,2821,1474,0,184,26,314,101,0,0,10,494,59,16,0,54,39,0,5,0,2,0,43
RS,NOVA CANDELARIA,3045,1254,0,145,51,300,115,0,2,9,802,151,15,0,79,79,0,0,0,3,0,40
RS,NOVA ESPERANCA DO SUL,3591,1937,0,135,22,509,85,0,6,23,656,42,41,0,83,31,0,2,0,2,1,16
RS,NOVA HARTZ,14359,8881,0,217,42,858,660,1,49,38,2209,606,163,0,384,37,1,25,1,22,0,165
RS,NOVA PADUA,2191,1005,0,380,26,326,84,0,0,5,212,17,9,0,44,24,0,4,0,2,0,53
RS,NOVA PALMA,5129,2233,0,377,100,1045,143,0,0,18,852,43,38,0,92,122,0,0,0,14,3,49
RS,NOVA PETROPOLIS,19438,11981,0,601,183,1615,1263,0,7,44,1880,327,74,0,643,216,0,43,0,45,2,514
RS,NOVA PRATA,23262,14105,0,802,412,2862,1079,0,10,42,2062,351,78,1,420,448,0,32,0,21,1,536
RS,NOVA RAMADA,2099,987,0,183,10,355,82,0,1,14,363,15,17,0,31,16,0,3,1,2,0,19
RS,NOVA ROMA DO SUL,2752,1432,0,383,23,443,87,0,2,7,191,29,31,0,44,22,0,2,0,5,1,50
RS,NOVA SANTA RITA,23806,13240,0,1077,908,1604,840,0,20,78,2941,329,69,0,1171,1124,1,90,0,118,3,193
RS,NOVO BARREIRO,3372,1790,0,227,57,381,74,0,3,8,627,46,16,0,57,70,0,3,0,1,1,11
RS,NOVO CABRAIS,2810,1440,0,154,39,359,64,0,0,10,506,49,20,0,87,54,0,1,0,3,0,24
RS,NOVO HAMBURGO,189725,118822,0,3391,660,10120,9832,0,206,318,28212,6463,375,0,6024,853,8,342,0,310,26,3763
RS,NOVO MACHADO,2959,1484,0,238,13,353,115,0,0,26,568,38,22,0,58,18,0,3,0,0,1,22
RS,NOVO TIRADENTES,1475,771,0,64,14,152,36,0,0,5,331,32,11,0,14,26,0,0,0,1,0,18
RS,NOVO XINGU,1129,630,0,81,7,133,25,0,0,11,181,31,8,0,7,2,0,0,0,1,0,12
RS,OSORIO,39285,23941,0,1046,292,2967,1728,0,36,72,4686,1425,127,2,2010,277,1,95,0,47,6,527
RS,PAIM FILHO,3182,1811,0,183,45,474,105,0,0,7,401,25,26,0,31,49,0,3,0,1,0,21
RS,PALMARES DO SUL,8274,4684,0,241,51,753,321,0,5,20,1199,95,70,0,623,80,2,14,0,14,0,102
RS,PALMEIRA DAS MISSOES,29560,16100,0,1246,525,3248,868,1,61,55,3688,1862,127,0,614,842,1,19,0,8,23,272
RS,PALMITINHO,7071,3313,0,304,95,704,200,0,0,26,1841,216,61,0,97,122,0,0,0,1,1,90
RS,PANAMBI,38515,22468,0,1316,235,4246,1808,1,16,85,5293,996,166,0,914,316,1,44,0,19,4,587
RS,PANTANO GRANDE,7036,4125,0,392,141,706,257,0,4,17,666,74,43,0,305,218,0,7,0,28,3,50
RS,PARAI,7557,3629,0,785,192,1286,284,0,9,18,784,56,26,0,149,193,0,20,0,6,2,118
RS,PARAISO DO SUL,4784,2638,0,137,14,609,133,0,2,8,989,41,31,0,129,17,0,3,0,5,0,28
RS,PARECI NOVO,4332,2185,0,466,65,441,162,0,2,12,507,154,19,0,182,65,0,9,0,14,0,49
RS,PAROBE,40458,24520,0,780,115,2341,1553,1,82,97,7012,1993,294,0,1062,107,2,48,0,47,33,371
RS,PASSA SETE,3281,1742,0,140,6,455,70,0,1,5,735,17,41,0,24,9,0,3,0,0,1,32
RS,PASSO DO SOBRADO,5138,2492,0,233,16,534,134,0,1,13,1222,151,70,0,183,25,0,8,0,17,1,38
RS,PASSO FUNDO,160942,94889,0,4349,1562,14122,8514,2,83,312,22081,6006,434,0,3097,1652,7,208,0,45,27,3552
RS,PAULO BENTO,1745,835,0,139,13,288,46,0,1,22,285,33,17,0,30,17,0,3,0,0,0,16
RS,PAVERAMA,6778,3496,0,313,102,497,158,0,21,47,1551,191,55,0,162,122,0,16,0,12,0,35
RS,PEDRAS ALTAS,1464,740,0,62,3,208,50,0,1,13,249,6,9,0,101,6,0,2,0,3,0,11
RS,PEDRO OSORIO,5462,2981,0,167,54,457,158,0,6,15,1118,59,38,0,277,88,2,9,0,1,1,31
RS,PEJUCARA,3426,1765,0,288,35,585,122,0,3,6,397,36,23,0,77,44,0,2,0,1,0,42
RS,PELOTAS,246976,138091,0,5978,2715,16264,9651,0,643,543,48626,7280,1249,2,7897,4010,11,464,1,261,46,3244
RS,PICADA CAFE,4391,2573,0,120,5,393,227,0,2,19,593,103,65,0,181,8,0,6,0,15,0,81
RS,PINHAL,2294,1062,0,166,39,290,49,0,0,7,510,66,12,0,34,32,0,0,0,1,0,26
RS,PINHAL DA SERRA,1455,803,0,98,10,229,51,0,1,12,174,7,25,0,29,8,0,2,0,1,0,5
RS,PINHAL GRANDE,2893,1456,0,188,12,520,86,0,1,11,450,19,36,0,65,22,0,1,0,9,2,15
RS,PINHEIRINHO DO VALE,3054,1350,0,99,19,289,66,0,0,13,1012,87,23,0,41,27,0,0,0,0,1,27
RS,PINHEIRO MACHADO,8569,5154,0,214,91,1014,229,0,6,18,1191,42,71,0,380,117,0,4,0,3,2,33
RS,PINTO BANDEIRA,1833,866,0,231,8,305,93,0,2,15,137,40,6,0,69,9,0,3,0,7,0,42
RS,PIRAPO,1696,824,0,74,10,215,32,0,1,11,450,17,14,0,32,11,0,1,0,0,0,4
RS,PIRATINI,12598,7056,0,395,88,1294,344,0,7,76,2507,98,185,0,328,141,0,4,0,7,1,67
RS,PLANALTO,7595,4391,0,363,73,868,185,0,0,14,1241,140,43,0,99,105,1,3,0,0,0,69
RS,POCO DAS ANTAS,1951,983,0,135,4,227,61,0,2,11,394,38,14,0,49,6,0,2,0,7,0,18
RS,PONTAO,2895,1596,0,224,20,442,89,0,0,17,330,19,38,0,63,33,0,2,0,1,0,21
RS,PONTE PRETA,1544,721,0,105,22,238,37,0,0,10,308,23,16,0,35,13,0,2,0,1,0,13
RS,PORTAO,31735,19007,0,2267,440,2148,1235,1,44,133,3273,552,170,0,1511,438,4,79,0,47,1,385
RS,PORTO ALEGRE,938939,614615,0,15879,3315,52231,63744,22,752,2291,110638,14346,5093,12,21567,3897,30,807,4,1475,169,28052
RS,PORTO LUCENA,3449,1901,0,127,31,369,101,0,0,15,699,57,22,0,76,27,0,3,0,1,0,20
RS,PORTO MAUA,1787,914,0,98,17,243,44,0,0,9,325,27,14,0,59,25,0,0,0,0,0,12
RS,PORTO VERA CRUZ,1161,579,0,37,10,155,30,0,0,10,260,12,9,0,35,13,0,2,0,0,0,9
RS,PORTO XAVIER,8856,4226,0,243,645,896,213,0,5,32,1314,273,73,0,193,640,0,7,0,3,0,93
RS,POUSO NOVO,1344,743,0,61,36,171,35,0,0,9,187,8,8,0,25,41,0,0,0,13,1,6
RS,PRESIDENTE LUCENA,2713,1483,0,256,15,260,135,0,0,11,318,39,21,0,99,17,0,6,0,9,0,44
RS,PROGRESSO,4322,2418,0,145,9,516,124,0,0,33,863,29,38,0,82,5,0,10,0,17,0,33
RS,PROTASIO ALVES,1692,982,0,62,13,288,56,0,2,6,184,23,12,0,29,11,0,1,0,7,1,15
RS,PUTINGA,3381,1898,0,170,9,405,95,0,0,12,675,36,10,0,33,8,0,4,0,3,0,23
RS,QUARAI,26273,16979,0,250,98,2885,1076,0,20,61,3558,559,70,0,390,130,0,5,0,13,6,173
RS,QUATRO IRMAOS,1125,620,0,83,9,159,49,0,0,10,134,15,8,0,19,11,0,1,0,0,0,7
RS,QUEVEDOS,1935,958,0,82,6,321,45,0,0,15,424,13,13,0,43,6,0,1,0,1,0,7
RS,QUINZE DE NOVEMBRO,3582,1919,0,306,28,551,140,0,0,36,359,41,38,0,98,34,0,4,0,5,1,22
RS,REDENTORA,4038,2275,0,177,27,405,84,0,1,24,854,65,29,0,35,35,1,0,0,1,0,25
RS,RELVADO,1683,948,0,80,4,208,63,0,1,10,274,35,11,0,20,8,0,4,0,1,0,16
RS,RESTINGA SECA,10660,6144,0,459,98,1270,323,1,9,19,1473,135,61,0,406,135,0,10,0,13,1,103
RS,RIO DOS INDIOS,1771,911,0,125,0,250,34,0,0,10,364,11,39,0,16,1,0,2,0,0,0,8
RS,RIO GRANDE,142776,79855,0,2453,1585,7450,5037,3,392,288,30283,5824,806,1,4748,2272,48,228,3,189,34,1277
RS,RIO PARDO,22584,12897,0,656,105,1801,776,0,11,88,4461,603,135,0,676,143,1,22,0,67,2,140
RS,RIOZINHO,2948,1648,0,63,1,278,140,0,6,17,574,112,33,0,46,1,0,2,0,3,0,24
RS,ROCA SALES,7762,4092,0,218,96,567,270,0,7,19,1615,408,50,0,188,89,0,17,0,22,1,103
RS,RODEIO BONITO,6614,3509,0,344,149,749,203,0,2,15,990,151,55,0,99,200,2,5,0,2,1,138
RS,ROLADOR,1782,861,0,114,23,263,41,0,0,11,380,10,6,0,31,26,0,2,0,0,0,14
RS,ROLANTE,16482,8947,0,384,25,1335,639,0,68,35,3537,611,101,0,468,26,0,22,0,14,4,266
RS,RONDA ALTA,7342,4151,0,400,135,1086,269,0,2,28,657,81,47,0,158,187,0,6,0,2,1,132
RS,RONDINHA,3874,2237,0,261,30,567,144,0,1,9,432,40,25,0,51,35,0,1,0,0,0,41
RS,ROQUE GONZALES,5138,2490,0,202,151,605,148,0,3,8,1031,133,33,0,177,131,0,2,0,1,0,23
RS,ROSARIO DO SUL,24887,13269,0,676,183,2719,861,0,22,70,4660,763,130,0,966,269,4,18,0,13,8,256
RS,SAGRADA FAMILIA,1714,982,0,45,13,152,34,0,0,6,376,40,8,0,28,24,0,2,0,0,0,4
RS,SALDANHA MARINHO,2372,1276,0,203,35,447,86,0,0,12,180,16,10,0,36,51,0,1,0,0,0,19
RS,SALTO DO JACUI,7704,4698,0,256,72,954,286,0,5,26,834,110,39,0,254,94,0,6,0,10,6,54
RS,SALVADOR DAS MISSOES,2905,1306,0,181,71,463,126,0,0,7,511,37,9,0,75,87,0,1,0,0,1,30
RS,SALVADOR DO SUL,6328,3549,0,367,35,637,250,0,1,20,995,122,35,0,156,44,0,7,0,21,0,89
RS,SANANDUVA,15751,8565,0,801,192,2382,651,0,4,32,1944,274,88,0,297,277,0,25,0,7,2,210
RS,SANTA BARBARA DO SUL,7601,3965,0,481,187,1261,337,0,2,26,611,72,42,0,181,301,0,8,0,16,3,108
RS,SANTA CECILIA DO SUL,1338,663,0,101,5,198,41,0,0,7,252,16,16,0,18,8,0,1,0,1,0,11
RS,SANTA CLARA DO SUL,5614,3042,0,144,17,411,258,0,5,35,1085,230,20,0,211,26,0,10,0,13,1,106
RS,SANTA CRUZ DO SUL,110123,61631,0,2767,776,8103,5523,1,108,196,17229,5493,768,0,3656,1204,13,186,0,160,19,2290
RS,SANTA MARGARIDA DO SUL,1365,690,0,89,17,192,40,0,6,17,210,9,24,0,40,20,1,2,0,0,0,8
RS,SANTA MARIA,187632,109851,0,4298,988,15801,9292,3,171,435,28496,6156,1020,2,6098,1317,13,202,1,285,79,3124
RS,SANTA MARIA DO HERVAL,5341,3106,0,315,27,463,251,0,2,26,689,75,62,0,179,28,0,6,0,13,0,99
RS,SANTA ROSA,67953,37486,0,2244,629,6462,3391,0,44,142,10293,3098,221,0,1943,812,5,78,0,20,1,1084
RS,SANTA TEREZA,1113,624,0,112,0,161,44,0,0,8,90,38,1,0,21,0,0,2,0,1,0,11
RS,SANTA VITORIA DO PALMAR,28041,14852,0,797,288,2374,984,1,43,39,4907,1237,111,0,1426,415,2,32,0,17,4,512
RS,SANTANA DA BOA VISTA,5988,3383,0,174,13,626,137,0,2,31,1289,55,71,0,158,19,0,1,0,3,0,26
RS,SANTANA DO LIVRAMENTO,81978,48871,0,1074,501,7224,3394,1,159,177,15328,1816,300,0,1697,705,0,52,0,28,13,638
RS,SANTIAGO,37788,20142,0,1199,253,5195,1376,0,167,141,6025,1038,127,0,1248,375,3,37,0,48,6,408
RS,SANTO ANGELO,60372,33744,0,1579,369,5271,2578,0,43,135,10610,2860,133,0,1608,475,5,54,0,14,12,882
RS,SANTO ANTONIO DA PATRULHA,34084,19875,0,1138,275,2842,1118,0,33,91,5428,1106,229,0,1191,311,0,55,0,87,1,304
RS,SANTO ANTONIO DAS MISSOES,7464,4081,0,334,83,947,160,0,5,75,1289,73,58,0,206,105,1,6,0,6,1,34
RS,SANTO ANTONIO DO PALMA,1691,1010,0,96,6,256,55,0,0,5,203,7,12,0,12,9,0,2,0,0,0,18
RS,SANTO ANTONIO DO PLANALTO,1999,1097,0,132,39,237,67,0,0,6,307,22,11,0,46,20,0,2,0,1,0,12
RS,SANTO AUGUSTO,11849,6812,0,631,159,1642,432,0,11,62,1283,198,41,0,207,193,0,10,0,2,2,164
RS,SANTO CRISTO,14564,7543,0,792,139,1709,625,0,8,27,2663,280,67,0,347,150,0,17,0,3,4,190
RS,SANTO EXPEDITO DO SUL,2190,1100,0,126,8,334,76,0,0,6,448,17,13,0,26,18,0,4,0,1,0,13
RS,SAO BORJA,44130,23772,0,1480,882,5186,1334,0,47,108,7394,1548,123,0,1160,613,5,20,0,20,9,429
RS,SAO DOMINGOS DO SUL,2661,1504,0,154,37,406,78,0,4,6,336,11,13,0,36,42,1,3,0,0,0,30
RS,SAO FRANCISCO DE ASSIS,12269,6835,0,470,141,1728,347,1,11,61,1677,63,146,0,502,201,0,10,0,3,0,73
RS,SAO FRANCISCO DE PAULA,15931,9402,0,874,186,1827,738,0,4,79,1492,105,135,0,590,231,0,34,0,10,1,223
RS,SAO GABRIEL,37482,20606,0,1035,303,4153,1466,1,91,74,6238,1386,177,0,1070,431,4,11,0,21,10,405
RS,SAO JERONIMO,12778,8007,0,366,28,885,499,0,9,47,1999,183,131,0,437,40,0,22,0,23,3,99
RS,SAO JOAO DA URTIGA,3974,2077,0,204,44,620,112,1,3,11,704,47,26,0,43,57,0,4,0,1,0,20
RS,SAO JOAO DO POLESINE,2128,1122,0,120,12,363,69,0,4,5,269,23,6,0,64,20,0,6,0,12,0,33
RS,SAO JORGE,2397,1164,0,162,17,481,99,0,1,13,288,25,20,0,60,22,0,2,0,1,0,42
RS,SAO JOSE DAS MISSOES,1659,956,0,67,3,191,37,0,0,7,333,18,10,0,17,11,0,0,0,0,0,9
RS,SAO JOSE DO HERVAL,1529,894,0,72,56,180,33,0,0,8,151,8,13,0,15,78,0,3,0,7,0,11
RS,SAO JOSE DO HORTENCIO,3938,2271,0,231,30,367,123,0,1,12,561,49,39,0,153,30,0,8,0,16,0,47
RS,SAO JOSE DO INHACORA,2052,945,0,92,37,220,68,0,0,15,490,66,21,0,30,38,0,5,0,1,0,24
RS,SAO JOSE DO NORTE,15188,7639,0,600,82,1263,647,0,46,35,3428,326,182,0,654,99,5,34,0,9,6,133
RS,SAO JOSE DO OURO,7022,3613,0,467,275,1077,214,0,2,18,530,71,54,0,172,406,0,9,0,3,0,111
RS,SAO JOSE DO SUL,2110,1033,0,187,10,196,65,0,0,14,382,62,17,0,103,9,0,3,0,13,0,16
RS,SAO JOSE DOS AUSENTES,2042,995,0,204,12,428,93,0,1,17,160,7,47,0,37,12,0,5,0,4,0,20
RS,SAO LEOPOLDO,149204,92546,0,4007,961,7883,6697,0,234,308,22234,4899,410,1,5446,1013,6,182,0,254,21,2102
RS,SAO LOURENCO DO SUL,33039,17522,0,1363,387,3161,1157,0,33,74,6752,615,203,0,960,479,6,44,0,29,3,251
RS,SAO LUIZ GONZAGA,28316,14641,0,901,478,3365,890,0,15,102,4960,1204,114,0,818,518,2,19,0,9,1,279
RS,SAO MARCOS,21546,11529,0,891,918,2481,919,3,16,40,1984,553,149,0,498,1207,0,23,1,14,7,313
RS,SAO MARTINHO,5382,2730,0,351,106,618,196,0,1,11,946,99,25,0,104,120,2,5,0,2,0,66
RS,SAO MARTINHO DA SERRA,2081,1028,0,97,25,300,48,0,0,10,421,15,16,0,46,52,0,3,0,3,0,17
RS,SAO MIGUEL DAS MISSOES,6670,3318,0,401,116,917,188,0,2,27,1092,67,54,0,245,176,0,12,0,2,1,52
RS,SAO NICOLAU,3378,1904,0,109,8,412,99,0,2,13,655,45,20,0,81,8,0,1,0,1,0,20
RS,SAO PAULO DAS MISSOES,4689,2425,0,164,58,479,193,0,1,7,1095,60,45,0,62,57,0,2,0,1,1,39
RS,SAO PEDRO DA SERRA,3341,1906,0,117,29,369,118,0,2,11,484,99,18,0,112,29,0,3,0,8,0,36
RS,SAO PEDRO DAS MISSOES,1369,736,0,49,8,176,20,0,1,7,291,27,7,0,20,20,0,1,0,1,0,5
RS,SAO PEDRO DO BUTIA,2903,1425,0,183,50,351,102,0,0,6,516,57,22,0,97,60,0,5,0,2,0,27
RS,SAO PEDRO DO SUL,11873,6730,0,424,93,1461,352,0,9,65,1850,196,69,0,397,124,1,21,0,6,2,73
RS,SAO SEBASTIAO DO CAI,19218,11799,0,862,274,1394,780,0,13,56,2146,402,55,0,855,292,1,37,0,38,1,213
RS,SAO SEPE,16342,9222,0,631,300,1857,485,0,47,70,2195,278,133,0,593,398,1,25,0,13,3,91
RS,SAO VALENTIM,2479,1485,0,114,26,387,65,0,0,14,269,10,18,0,41,30,0,2,0,2,1,15
RS,SAO VALENTIM DO SUL,1981,1154,0,110,8,278,66,0,1,9,234,18,13,0,56,11,0,1,0,5,0,17
RS,SAO VALERIO DO SUL,1057,632,0,70,6,124,34,0,0,4,142,7,9,0,13,8,0,0,0,0,0,8
RS,SAO VENDELINO,2278,1269,0,86,24,260,111,0,0,15,286,43,26,0,77,23,0,2,0,7,0,49
RS,SAO VICENTE DO SUL,5917,3193,0,205,66,732,176,0,8,15,876,151,63,0,299,92,1,2,0,5,1,32
RS,SAPIRANGA,59309,35574,0,1125,100,3184,2559,2,116,112,10482,3148,216,0,1654,96,7,91,0,49,17,777
RS,SAPUCAIA DO SUL,98251,63569,0,1820,696,4316,3876,0,325,175,15257,2778,152,0,3777,681,0,78,1,85,6,659
RS,SARANDI,18552,10897,0,794,304,2114,749,0,11,41,2004,352,96,0,433,427,0,30,0,7,3,290
RS,SEBERI,10792,5589,0,507,169,1155,257,0,2,18,2027,308,104,0,231,275,1,13,0,0,0,136
RS,SEDE NOVA,2301,1159,0,152,22,253,74,0,1,17,462,54,16,0,25,47,0,0,0,2,0,17
RS,SEGREDO,5022,2529,0,267,18,603,127,0,1,7,1225,52,64,0,57,25,0,4,0,1,0,42
RS,SELBACH,5179,2731,0,414,47,839,240,0,2,19,493,58,22,1,166,77,0,7,0,2,0,61
RS,SENADOR SALGADO FILHO,2420,1241,0,226,18,330,95,0,2,11,382,24,14,0,36,20,0,4,0,0,0,17
RS,SENTINELA DO SUL,4208,1965,0,242,42,389,63,0,1,12,1163,103,19,0,126,47,0,2,0,21,0,13
RS,SERAFINA CORREA,13943,8388,0,536,276,1671,560,0,7,51,1268,229,109,0,242,301,0,17,0,4,1,283
RS,SERIO,1557,800,0,81,0,180,33,0,1,8,363,27,5,0,28,0,0,0,0,17,0,14
RS,SERTAO,5504,3060,0,353,99,798,194,0,0,26,610,47,37,0,85,124,0,11,0,0,0,60
RS,SERTAO SANTANA,5393,2850,0,198,49,492,116,0,15,3,1334,49,23,0,153,59,0,1,0,21,0,30
RS,SETE DE SETEMBRO,1533,741,0,158,12,232,36,0,0,4,276,18,14,0,20,18,0,1,0,1,0,2
RS,SEVERIANO DE ALMEIDA,3158,1716,0,149,34,510,75,0,0,15,525,26,16,0,35,24,0,8,0,0,0,25
RS,SILVEIRA MARTINS,1871,916,0,144,35,292,61,0,0,3,243,22,13,0,64,52,0,1,0,5,0,20
RS,SINIMBU,5773,3043,0,158,10,492,130,0,2,7,1695,80,11,0,79,17,0,4,0,12,1,32
RS,SOBRADINHO,10965,6538,0,392,78,1225,448,0,9,24,1453,133,87,0,268,80,1,9,0,9,0,211
RS,SOLEDADE,22809,14065,0,816,199,2747,971,0,4,67,2222,340,223,0,445,285,7,50,0,24,2,342
RS,TABAI,4144,2341,0,218,39,370,105,0,0,19,711,72,23,0,169,32,0,12,0,12,1,20
RS,TAPEJARA,21679,11837,0,1008,214,2635,959,1,2,58,2785,848,127,0,378,348,0,34,0,8,1,436
RS,TAPERA,8771,4670,0,502,126,1197,389,0,5,32,1011,234,38,0,246,173,0,12,0,14,0,122
RS,TAPES,10631,6179,0,321,111,855,288,0,13,37,1704,379,46,0,377,139,5,26,0,28,1,122
RS,TAQUARA,42172,25057,0,1087,91,2731,1958,1,69,72,7000,1472,293,1,1467,81,1,47,0,80,5,659
RS,TAQUARI,21729,11572,0,538,140,1402,646,1,24,56,4210,1721,137,0,841,203,2,57,0,42,8,129
RS,TAQUARUCU DO SUL,2661,1267,0,126,29,351,81,0,0,6,583,93,12,0,38,47,0,0,0,0,0,28
RS,TAVARES,3955,2185,0,177,38,391,144,0,2,27,602,35,39,0,204,55,0,6,0,4,0,46
RS,TENENTE PORTELA,10584,5656,0,434,78,1067,392,0,2,25,2100,290,110,0,175,106,7,11,0,6,0,125
RS,TERRA DE AREIA,9273,5067,0,414,250,844,341,0,15,17,1230,231,44,0,466,224,0,32,0,12,3,83
RS,TEUTONIA,28538,16379,0,894,273,2370,1288,2,50,54,4440,1045,133,0,770,330,0,66,0,56,1,387
RS,TIO HUGO,2915,1533,0,214,70,387,99,0,0,7,325,41,18,0,80,101,0,7,0,3,1,29
RS,TIRADENTES DO SUL,4159,1844,0,230,17,455,155,0,3,6,1217,122,12,0,60,20,0,2,0,2,0,14
RS,TOROPI,2349,1147,0,86,11,335,45,0,0,14,606,17,18,0,45,14,0,1,0,0,1,9
RS,TORRES,27798,16002,0,586,176,1886,1346,2,145,41,4271,1305,116,1,1141,205,2,91,0,24,4,454
RS,TRAMANDAI,36532,21204,0,772,99,2360,1580,1,53,116,5735,1900,202,0,1813,99,0,87,0,27,6,478
RS,TRAVESSEIRO,1808,833,0,64,9,154,60,0,1,11,507,73,16,0,39,12,0,0,0,13,0,16
RS,TRES ARROIOS,2591,1165,0,205,41,418,62,0,1,23,487,36,22,0,49,53,0,2,0,0,0,27
RS,TRES CACHOEIRAS,10257,4490,0,705,901,854,312,0,5,11,1196,236,33,0,430,880,3,49,0,4,1,147
RS,TRES COROAS,18407,10292,0,352,26,1170,826,0,29,50,3498,1289,95,0,467,28,1,14,0,15,5,250
RS,TRES DE MAIO,22094,11383,0,926,368,2392,1021,0,19,61,3366,961,97,0,626,418,3,56,0,8,3,386
RS,TRES FORQUILHAS,2233,989,0,110,54,234,66,0,2,5,509,80,12,0,111,46,0,2,0,2,1,10
RS,TRES PALMEIRAS,3320,1879,0,147,35,373,113,0,2,15,530,47,34,0,57,43,0,3,0,0,0,42
RS,TRES PASSOS,23701,12569,0,726,243,2172,962,0,41,45,4527,1071,155,0,501,330,10,31,0,5,2,311
RS,TRINDADE DO SUL,4964,2931,0,224,26,621,142,0,3,36,704,60,38,0,95,31,0,4,0,2,0,47
RS,TRIUNFO,20085,11421,0,809,314,1625,579,0,44,150,2465,607,344,0,1167,286,3,48,0,95,2,126
RS,TUCUNDUVA,4880,2751,0,321,64,600,204,0,0,26,504,90,17,0,145,82,0,2,0,0,2,72
RS,TUNAS,2713,1356,0,114,6,393,62,0,1,8,683,9,36,0,26,6,0,0,0,1,0,12
RS,TUPANCI DO SUL,1356,711,0,93,4,238,51,0,0,8,196,5,16,0,11,11,0,4,0,0,0,8
RS,TUPANCIRETA,15225,7509,0,861,202,2376,620,1,18,84,2160,266,113,0,404,347,0,8,0,14,4,238
RS,TUPANDI,5009,2448,0,160,226,454,144,0,0,50,808,133,68,0,158,279,0,6,0,21,0,54
RS,TUPARENDI,8125,4240,0,401,106,1029,261,0,4,19,1329,205,41,0,244,159,0,5,0,0,2,80
RS,TURUCU,2926,1370,0,150,102,281,86,1,2,9,643,29,14,0,86,133,0,2,0,5,1,12
RS,UBIRETAMA,1835,898,0,142,2,202,69,0,0,11,441,22,9,0,23,3,0,2,0,0,0,11
RS,UNIAO DA SERRA,1060,617,0,77,9,149,22,0,0,6,131,8,7,0,9,10,0,0,0,1,0,14
RS,UNISTALDA,1550,756,0,88,9,261,39,0,3,13,286,3,18,0,50,16,0,1,0,4,0,3
RS,URUGUAIANA,81540,41862,0,2181,3144,6791,2703,0,179,138,14829,2510,226,1,2235,3707,37,43,0,40,60,854
RS,VACARIA,52783,30643,0,2170,1531,6190,2498,1,23,281,4284,890,810,1,1192,1568,0,36,0,40,10,615
RS,VALE DO SOL,7052,4096,0,207,24,625,202,0,3,13,1420,141,53,0,188,26,0,7,0,7,0,40
RS,VALE REAL,4665,2690,0,253,92,462,200,0,6,22,496,87,13,0,151,115,0,7,0,6,1,64
RS,VALE VERDE,2374,1205,0,101,10,237,54,0,1,4,507,66,14,0,132,14,0,3,0,12,0,14
RS,VANINI,1883,1025,0,113,20,320,67,0,0,9,231,11,12,0,29,24,0,3,0,2,0,17
RS,VENANCIO AIRES,57736,30510,0,1473,386,3819,2491,0,70,157,12089,2952,249,0,2204,445,9,89,0,91,5,697
RS,VERA CRUZ,21477,12218,0,642,104,1641,697,2,11,48,4059,896,150,0,626,138,1,48,0,20,1,175
RS,VERANOPOLIS,21744,12273,0,1073,402,2826,1039,0,13,57,1983,639,74,0,375,453,7,19,0,22,2,487
RS,VESPASIANO CORREA,1716,882,0,148,11,246,58,0,0,8,257,31,11,0,26,10,0,0,0,11,0,17
RS,VIADUTOS,3823,2171,0,213,33,499,129,0,0,17,552,41,45,0,49,31,0,6,0,2,0,35
RS,VIAMAO,156696,102464,0,2516,299,9425,7253,2,106,440,24160,1946,662,0,5130,272,2,180,2,269,22,1546
RS,VICENTE DUTRA,3251,1535,0,103,2,312,59,0,0,5,1039,120,27,0,34,1,1,0,0,0,0,13
RS,VICTOR GRAEFF,2930,1406,0,221,15,462,123,0,0,19,471,40,14,0,103,19,0,7,0,1,0,29
RS,VILA FLORES,3417,1910,0,202,36,489,161,0,0,16,371,53,28,0,47,42,0,6,0,7,1,48
RS,VILA LANGARO,1808,787,0,183,3,341,48,0,0,6,335,17,15,0,29,9,0,3,0,2,0,30
RS,VILA MARIA,4289,2177,0,571,124,677,157,0,0,16,212,26,50,0,71,143,0,9,0,2,0,54
RS,VILA NOVA DO SUL,3166,1877,0,154,23,371,77,0,8,16,424,23,18,0,117,38,0,5,0,3,2,10
RS,VISTA ALEGRE,2342,1111,0,126,14,260,49,0,0,7,646,55,13,0,27,19,0,0,0,0,0,15
RS,VISTA ALEGRE DO PRATA,1277,743,0,58,10,179,43,0,0,9,161,18,7,0,19,10,0,1,0,1,0,18
RS,VISTA GAUCHA,2275,1034,0,109,92,232,71,0,0,4,502,53,16,0,25,116,0,2,0,0,0,19
RS,VITORIA DAS MISSOES,2628,1328,0,192,15,354,47,0,0,6,520,57,23,0,59,15,0,0,0,0,0,12
RS,WESTFALIA,2757,1452,0,180,13,313,123,0,1,20,420,82,23,0,59,21,0,3,0,14,0,33
RS,XANGRI-LA,14518,7602,0,296,35,1235,803,0,54,26,1946,982,29,0,995,35,0,35,0,21,6,418
SC,ABDON BATISTA,2038,1117,0,85,9,332,42,0,0,4,367,19,14,0,29,6,0,1,0,2,0,11
SC,ABELARDO LUZ,14353,7532,0,473,191,1993,567,0,2,30,2094,277,156,0,373,340,3,13,0,1,0,308
SC,AGROLANDIA,9851,5108,0,331,68,1024,380,0,3,24,1622,636,35,0,361,98,1,11,0,5,0,144
SC,AGRONOMICA,5248,2748,0,210,66,565,202,0,5,9,744,278,8,0,250,84,0,9,0,4,0,66
SC,AGUA DOCE,6339,3205,0,343,314,821,169,0,0,43,699,118,40,0,135,355,4,7,0,1,2,83
SC,AGUAS DE CHAPECO,5013,2663,0,126,41,490,126,1,1,9,1132,232,30,0,99,27,0,2,0,1,0,33
SC,AGUAS FRIAS,2684,1086,0,105,152,270,69,0,0,8,475,88,4,0,110,268,0,0,0,1,0,48
SC,AGUAS MORNAS,6380,3124,0,352,17,721,248,0,0,10,1234,236,18,0,224,19,0,11,0,6,0,160
SC,ALFREDO WAGNER,9342,4074,0,408,55,1002,268,0,1,26,2517,414,19,0,328,46,1,5,0,4,3,171
SC,ALTO BELA VISTA,1826,1037,0,75,7,263,55,0,0,14,282,25,11,0,39,5,0,0,0,0,0,13
SC,ANCHIETA,5252,2704,0,239,52,730,186,0,0,23,914,138,27,0,91,66,0,6,0,0,0,76
SC,ANGELINA,4883,2001,0,259,18,543,126,0,1,24,1433,245,22,0,114,18,0,3,0,6,1,69
SC,ANITA GARIBALDI,6671,3825,0,165,22,843,209,0,0,22,1233,106,40,0,110,25,0,3,0,2,0,66
SC,ANITAPOLIS,3200,1390,0,195,13,372,78,0,1,9,860,122,19,0,57,20,0,4,0,2,0,58
SC,ANTONIO CARLOS,10179,4433,0,778,141,1112,345,0,6,18,1878,621,23,0,392,150,1,17,0,9,5,250
SC,APIUNA,7792,4570,0,222,45,714,317,0,1,41,1148,222,30,0,316,58,1,9,0,6,0,92
SC,ARABUTA,3901,1884,0,211,112,521,125,0,0,15,669,83,36,0,61,138,0,0,0,3,2,41
SC,ARAQUARI,29762,14509,0,1402,997,2261,926,0,19,103,3970,793,88,0,1390,2654,5,98,0,75,8,464
SC,ARARANGUA,70259,36809,0,1633,1212,4997,2760,0,116,97,11287,4907,223,1,2630,1953,5,117,0,29,6,1477
SC,ARMAZEM,9311,4302,0,332,371,780,243,0,5,19,1800,589,25,0,230,433,1,12,0,2,0,167
SC,ARROIO TRINTA,3879,1825,0,208,151,599,95,0,0,20,535,126,30,0,81,153,0,1,0,1,0,54
SC,ARVOREDO,1892,955,0,82,6,252,56,0,0,26,400,42,8,0,39,9,0,1,0,2,0,14
SC,ASCURRA,7763,4433,0,326,100,743,292,0,2,28,1000,264,82,0,224,121,1,12,0,4,1,130
SC,ATALANTA,3225,1657,0,126,23,369,89,0,1,5,648,150,9,0,99,18,0,1,0,1,0,29
SC,AURORA,6936,2870,0,316,505,775,225,0,1,6,786,199,24,0,243,893,1,11,0,1,1,79
SC,BALNEARIO ARROIO DO SILVA,10538,6041,0,161,25,829,519,0,22,23,1660,493,33,0,435,30,0,35,0,3,1,228
SC,BALNEARIO BARRA DO SUL,7541,4474,0,205,65,619,329,0,10,23,912,304,19,0,332,89,2,32,0,11,2,113
SC,BALNEARIO CAMBORIU,118192,56461,0,1077,300,8106,8832,0,191,284,20025,10540,260,2,2612,431,8,284,0,57,27,8695
SC,BALNEARIO DE PICARRAS,21602,11400,0,447,159,1750,1112,1,41,52,3374,1512,77,0,703,187,6,56,0,20,6,699
SC,BALNEARIO GAIVOTA,12249,6951,0,298,76,996,595,0,18,19,1715,432,40,0,649,105,3,49,0,8,6,289
SC,BALNEARIO RINCAO,9184,5434,0,174,30,648,447,0,13,15,1240,316,26,0,518,35,0,21,0,3,1,263
SC,BANDEIRANTE,2536,1200,0,77,3,300,63,0,1,15,674,117,23,0,41,5,1,0,0,0,0,16
SC,BARRA BONITA,1435,689,0,42,15,148,38,0,1,8,389,41,10,0,16,19,0,0,0,1,1,17
SC,BARRA VELHA,32086,17319,0,748,313,2521,1425,0,52,63,4910,2372,83,0,1040,417,25,70,0,12,6,710
SC,BELA VISTA DO TOLDO,4677,2186,0,137,7,641,102,0,0,14,1285,135,54,0,84,6,0,2,0,1,1,22
SC,BELMONTE,2500,1195,0,91,106,230,62,0,0,15,473,101,7,0,53,141,0,1,0,0,0,25
SC,BENEDITO NOVO,11065,5096,0,389,57,1074,386,0,6,61,2527,758,46,0,448,79,0,8,0,6,3,121
SC,BIGUACU,61574,33031,0,1888,420,4257,2464,0,50,122,12307,3639,170,0,1752,431,1,104,0,76,6,856
SC,BLUMENAU,311515,187005,0,6198,1273,21699,16623,0,130,524,47058,11613,1022,1,7322,1545,11,380,4,373,32,8702
SC,BOCAINA DO SUL,2508,1318,0,112,8,369,58,0,0,7,459,25,15,0,96,13,0,5,0,3,1,19
SC,BOM JARDIM DA SERRA,3015,1530,0,241,4,549,140,0,1,20,375,17,27,0,57,3,2,5,0,2,1,41
SC,BOM JESUS,2567,1340,0,95,89,286,79,0,0,5,337,59,13,0,79,163,0,1,0,0,0,21
SC,BOM JESUS DO OESTE,1751,970,0,95,16,178,57,0,0,7,291,54,8,0,34,22,0,0,0,0,0,19
SC,BOM RETIRO,7153,4101,0,287,58,830,223,0,1,23,1079,149,40,0,205,68,1,9,0,3,2,74
SC,BOMBINHAS,23059,10921,0,271,37,2127,1541,0,15,72,3980,1973,56,0,660,44,5,78,0,6,5,1268
SC,BOTUVERA,5669,2405,0,271,159,604,185,0,3,11,1170,331,15,0,145,237,0,2,0,5,0,126
SC,BRACO DO NORTE,34992,18172,0,1468,424,3413,1444,0,13,61,5205,2160,98,0,818,623,1,65,0,10,9,1008
SC,BRACO DO TROMBUDO,3493,1718,0,146,32,393,172,0,0,10,587,174,12,0,160,40,0,3,0,1,0,45
SC,BRUNOPOLIS,1870,906,0,138,2,339,45,0,0,7,358,21,12,0,31,4,0,0,0,0,0,7
SC,BRUSQUE,132165,70567,0,3087,1326,10820,6659,0,135,178,22576,8715,271,0,2342,1799,2,160,0,61,18,3449
SC,CACADOR,64456,38943,0,2237,879,6714,2652,0,17,199,6482,2050,723,0,1224,1429,3,24,0,9,20,851
SC,CAIBI,6449,2806,0,225,462,624,208,0,0,10,830,219,26,0,150,772,0,1,0,1,0,115
SC,CALMON,2012,1196,0,55,6,256,69,0,0,14,324,11,28,0,39,7,0,0,0,0,0,7
SC,CAMBORIU,83173,35863,0,1405,332,5261,3127,0,101,108,21018,12409,63,0,1692,366,5,67,0,41,18,1297
SC,CAMPO ALEGRE,11519,5766,0,559,211,1275,370,0,2,19,2124,259,24,0,427,276,0,20,0,3,5,179
SC,CAMPO BELO DO SUL,4884,2898,0,278,23,785,140,0,0,20,491,14,69,0,93,25,2,2,0,4,0,40
SC,CAMPO ERE,9021,5014,0,409,111,1071,226,0,3,21,1336,256,44,0,147,162,0,7,0,0,1,213
SC,CAMPOS NOVOS,31703,18701,0,1362,476,4161,1145,0,7,149,2886,757,121,0,813,673,3,19,0,13,2,415
SC,CANELINHA,10020,4563,0,586,76,831,336,0,5,19,1880,1207,11,0,238,111,0,10,0,24,1,122
SC,CANOINHAS,47254,25807,0,1453,474,4984,1682,0,22,91,7552,1966,214,0,1522,725,10,37,0,4,6,705
SC,CAPAO ALTO,1814,1020,0,108,14,303,74,0,0,13,157,11,22,0,48,20,0,3,0,3,0,18
SC,CAPINZAL,22501,12103,0,628,203,2214,608,0,5,80,3913,1621,97,0,534,219,0,10,0,3,2,261
SC,CAPIVARI DE BAIXO,22094,11432,0,423,360,1132,768,0,45,33,4061,2259,38,0,514,589,6,41,0,11,1,381
SC,CATANDUVAS,9652,5431,0,440,246,1088,353,1,1,49,748,206,62,0,200,683,0,7,0,7,2,128
SC,CAXAMBU DO SUL,3528,1662,0,170,25,437,93,0,2,4,849,114,16,0,85,35,0,0,0,0,0,36
SC,CELSO RAMOS,2522,1293,0,91,102,333,71,0,0,14,376,63,9,0,47,111,0,0,0,0,0,12
SC,CERRO NEGRO,2228,1355,0,84,22,338,41,0,0,9,298,9,22,0,17,25,0,2,0,0,0,6
SC,CHAPADAO DO LAGEADO,2776,1333,0,105,3,316,70,0,0,8,711,96,8,0,107,2,0,2,0,3,0,12
SC,CHAPECO,232038,120060,0,5990,4575,21324,11378,1,286,437,35118,14709,529,0,5725,5829,27,211,0,55,41,5743
SC,COCAL DO SUL,16160,8854,0,383,174,1387,637,0,10,25,2752,663,32,0,613,182,1,9,0,2,1,435
SC,CONCORDIA,84444,39339,0,3361,3637,8076,3517,0,27,242,12892,5601,283,0,1594,4331,21,71,0,17,16,1419
SC,CORDILHEIRA ALTA,5040,2189,0,452,165,662,159,0,0,36,666,214,70,0,147,195,0,7,1,2,1,74
SC,CORONEL FREITAS,8768,4331,0,386,121,1250,295,0,5,14,1467,418,34,0,190,155,1,3,0,2,0,96
SC,CORONEL MARTINS,1805,1043,0,69,4,205,33,0,0,10,384,19,6,0,19,5,0,0,0,1,0,7
SC,CORREIA PINTO,12861,7804,0,517,183,1563,381,0,7,61,1381,168,81,0,317,295,1,13,0,2,3,84
SC,CORUPA,13756,6507,0,536,31,1498,595,0,18,12,2919,793,39,0,500,33,2,9,0,9,2,253
SC,CRICIUMA,189261,108846,0,3829,2495,13035,9885,0,187,347,29314,5795,552,0,5406,2965,9,197,3,49,30,6317
SC,CUNHA PORA,10747,5453,0,479,216,1120,397,1,3,29,1728,428,68,0,227,397,7,15,0,0,1,178
SC,CUNHATAI,1709,898,0,68,11,181,66,0,1,6,354,61,9,0,31,8,0,0,0,1,0,14
SC,CURITIBANOS,35424,22147,0,1289,241,4056,1229,1,5,112,3882,889,186,0,610,332,1,18,0,17,9,400
SC,DESCANSO,8331,3969,0,278,290,1022,273,0,1,24,1463,297,35,0,156,409,5,5,0,3,3,98
SC,DIONISIO CERQUEIRA,12467,6918,0,243,472,1415,480,0,1,25,1584,263,25,0,190,503,2,15,0,3,2,326
SC,DONA EMMA,3695,1975,0,156,24,333,115,0,0,14,731,140,24,0,106,31,2,2,0,1,0,41
SC,DOUTOR PEDRINHO,3368,1655,0,167,24,350,122,0,5,11,646,170,8,0,139,33,0,1,0,2,0,35
SC,ENTRE RIOS,2230,1190,0,39,1,196,32,0,0,6,644,67,30,0,16,2,0,0,0,0,0,7
SC,ERMO,4013,1218,0,104,419,262,47,0,4,7,632,115,10,0,170,983,0,2,0,6,1,33
SC,ERVAL VELHO,4131,2114,0,214,53,542,137,0,0,17,704,131,25,0,99,58,0,2,0,2,0,33
SC,FAXINAL DOS GUEDES,10107,5427,0,568,221,1159,432,0,4,31,1239,304,59,0,228,302,1,7,0,1,3,121
SC,FLOR DO SERTAO,1443,733,0,29,11,141,37,0,0,13,375,34,20,0,21,21,0,0,0,0,0,8
SC,FLORIANOPOLIS,421721,243044,0,4679,401,26435,31221,2,315,989,64426,14563,2507,5,10699,594,17,696,24,523,103,20478
SC,FORMOSA DO SUL,2202,1060,0,108,51,301,46,0,0,16,413,60,9,0,44,76,0,1,0,0,0,17
SC,FORQUILHINHA,27409,14463,0,669,181,1971,837,0,38,43,6296,1181,46,0,986,221,3,33,0,18,1,422
SC,FRAIBURGO,29937,18891,0,1170,298,3100,1094,0,1,62,3022,782,292,0,502,315,14,19,0,10,5,360
SC,FREI ROGERIO,2099,1041,0,143,4,343,41,0,1,12,431,23,20,0,25,4,0,0,0,2,0,9
SC,GALVAO,2593,1448,0,144,15,354,73,0,0,9,398,29,24,0,35,17,0,0,0,0,0,47
SC,GAROPABA,25777,12435,0,348,42,2273,1783,0,14,34,4661,1767,83,2,800,59,5,102,0,7,8,1354
SC,GARUVA,15383,7803,0,657,588,1374,576,0,11,37,2155,360,53,0,678,786,0,33,0,30,2,240
SC,GASPAR,57611,30978,0,1721,415,5229,2656,0,28,96,9617,2993,140,1,1583,500,1,74,1,140,31,1407
SC,GOVERNADOR CELSO RAMOS,11780,5909,0,264,28,966,619,0,6,39,2187,926,25,0,404,43,0,16,0,11,1,336
SC,GRAO PARA,6206,3126,0,344,48,723,208,0,1,11,1105,212,37,0,156,58,0,7,0,4,2,164
SC,GRAVATAL,11725,5614,0,387,156,964,400,0,19,19,2554,768,36,0,327,200,3,32,0,11,2,233
SC,GUABIRUBA,21024,10981,0,424,54,1806,1019,0,10,33,4065,1665,34,0,358,65,0,18,0,5,0,487
SC,GUARACIABA,9184,4892,0,356,156,1303,357,0,0,20,1312,196,54,0,169,230,1,9,0,1,0,128
SC,GUARAMIRIM,38814,20708,0,1436,501,3007,1491,0,22,45,6916,1894,30,0,1235,870,5,42,0,28,2,582
SC,GUARUJA DO SUL,4408,2239,0,183,122,525,142,0,0,17,776,107,19,0,65,151,2,4,0,0,0,56
SC,GUATAMBU,6399,3101,0,185,39,700,217,0,3,21,1468,349,32,0,149,60,0,3,0,1,0,71
SC,HERVAL D'OESTE,17684,9600,0,440,43,1396,669,2,4,49,3215,1721,64,0,271,51,2,8,0,4,2,143
SC,IBIAM,1822,896,0,98,43,241,40,0,0,10,362,28,16,0,39,42,0,0,0,0,0,7
SC,IBICARE,3558,1646,0,215,167,434,101,0,0,20,534,116,14,0,76,198,0,3,0,2,2,30
SC,IBIRAMA,18571,9979,0,555,158,1601,778,0,6,71,3206,946,118,0,662,207,2,24,0,22,1,235
SC,ICARA,59991,30867,0,2325,1100,4623,2445,1,33,124,10029,2441,177,0,2335,1874,1,97,0,43,9,1467
SC,ILHOTA,14161,7021,0,500,270,1105,486,0,9,28,2641,759,32,0,611,515,0,14,0,8,3,159
SC,IMARUI,8486,3963,0,196,31,693,318,0,4,47,2200,619,51,0,194,41,1,17,0,4,6,101
SC,IMBITUBA,46243,22912,0,760,702,3195,2470,0,113,103,8797,2581,138,1,1654,1377,6,109,0,38,7,1280
SC,IMBUIA,6210,3059,0,269,137,831,201,0,0,12,981,277,24,0,216,140,0,7,0,1,0,55
SC,INDAIAL,62257,35536,0,1776,393,4639,2810,0,70,124,10099,3149,137,0,1819,409,4,81,0,75,5,1131
SC,IOMERE,2759,1295,0,209,86,440,99,0,0,8,344,91,3,0,49,90,0,3,0,0,1,41
SC,IPIRA,4307,2335,0,163,28,490,136,0,1,10,721,250,25,0,83,28,0,0,0,1,0,36
SC,IPORA DO OESTE,8983,4000,0,387,282,1009,358,0,0,30,1691,334,59,0,236,403,4,8,0,0,1,181
SC,IPUACU,4302,2302,0,154,42,482,124,0,2,23,807,125,49,0,96,52,0,3,0,0,0,41
SC,IPUMIRIM,6428,3205,0,307,112,758,196,0,3,40,1209,178,33,0,73,254,0,0,0,3,1,56
SC,IRACEMINHA,3477,1797,0,147,40,473,117,0,2,9,608,81,26,0,93,55,0,0,0,0,1,28
SC,IRANI,8650,4916,0,539,273,1051,261,0,3,39,794,134,80,0,169,289,1,4,0,3,3,91
SC,IRATI,1739,843,0,73,20,221,32,0,2,7,418,51,8,0,24,29,0,1,0,0,0,10
SC,IRINEOPOLIS,8395,4259,0,363,59,1270,246,0,0,14,1618,166,27,0,221,49,1,2,0,8,4,88
SC,ITA,5909,3127,0,147,55,740,242,0,2,19,866,284,52,0,214,44,1,6,0,1,3,106
SC,ITAIOPOLIS,18647,9747,0,853,82,2242,547,0,2,51,3844,437,135,0,449,75,1,5,0,6,2,169
SC,ITAJAI,229289,104030,0,6266,6064,13903,9750,1,392,364,40982,24974,605,0,5561,10532,16,260,2,96,24,5467
SC,ITAPEMA,65831,31295,0,915,198,5649,4318,0,106,92,11607,5123,63,0,1631,240,5,156,0,26,18,4389
SC,ITAPIRANGA,15727,7263,0,498,204,1452,607,0,1,28,3622,1091,104,0,341,252,1,10,0,1,0,252
SC,ITAPOA,22415,10982,0,393,424,2266,1303,0,23,43,3429,901,50,0,858,679,1,51,1,14,12,985
SC,ITUPORANGA,27025,14130,0,982,619,2905,1084,0,4,41,3413,1167,90,0,847,1123,2,40,0,32,0,546
SC,JABORA,3421,1862,0,228,39,473,101,0,0,19,381,93,29,0,82,55,2,1,0,3,0,53
SC,JACINTO MACHADO,10294,4417,0,505,159,1126,299,0,6,21,2531,482,46,0,317,203,0,16,0,3,1,162
SC,JAGUARUNA,19580,9796,0,639,215,1693,750,0,7,36,3381,1091,113,0,1006,249,3,56,0,10,6,529
SC,JARAGUA DO SUL,145684,83183,0,2992,868,10972,7943,0,120,263,21979,7552,484,2,3849,1051,28,237,0,69,20,4072
SC,JARDINOPOLIS,1551,841,0,38,11,202,43,0,1,12,296,36,6,0,29,15,0,2,0,0,0,19
SC,JOACABA,28541,15323,0,880,268,2916,1507,1,5,64,3908,2009,49,0,503,350,2,18,0,43,7,688
SC,JOINVILLE,504603,306456,0,9361,4693,30645,26048,2,373,1041,71474,16883,1149,1,16374,7496,57,730,0,436,40,11344
SC,JOSE BOITEUX,4178,2239,0,158,42,378,119,0,1,27,845,140,22,0,128,41,0,3,0,5,1,29
SC,JUPIA,2006,967,0,82,20,317,35,0,2,6,403,65,11,0,34,32,0,2,0,3,0,27
SC,LACERDOPOLIS,2207,1039,0,135,96,320,52,0,0,9,290,74,10,0,51,100,0,2,0,1,0,28
SC,LAGEADO GRANDE,1315,645,0,45,23,199,37,0,1,5,246,31,2,0,44,28,0,0,0,0,0,9
SC,LAGES,139169,84761,0,3952,1551,12793,6249,0,34,294,16786,4101,444,0,3529,2213,16,121,0,48,22,2255
SC,LAGUNA,33586,18189,0,573,123,2066,1501,0,47,122,6659,2430,88,0,778,188,10,66,0,10,6,730
SC,LAURENTINO,7044,3551,0,348,53,820,261,0,1,12,1026,500,10,0,289,73,0,12,0,1,1,86
SC,LAURO MULLER,16019,7638,0,489,329,1096,430,0,7,44,2937,606,63,0,860,1305,1,10,0,6,1,197
SC,LEBON REGIS,8072,5114,0,357,51,952,255,0,1,40,861,95,100,0,111,67,0,2,0,0,2,64
SC,LEOBERTO LEAL,3021,1310,0,151,32,409,73,0,0,10,804,80,5,0,78,22,0,0,0,2,1,44
SC,LINDOIA DO SUL,3637,1847,0,174,56,472,128,0,0,18,663,100,43,0,50,61,0,0,0,0,0,25
SC,LONTRAS,11150,5748,0,447,79,1163,421,0,7,31,1851,641,52,0,439,93,1,16,0,2,0,159
SC,LUIZ ALVES,12762,6087,0,578,101,1454,353,0,4,19,2505,871,36,0,399,146,1,8,0,7,0,193
SC,LUZERNA,5899,3060,0,202,113,685,217,0,1,19,868,328,28,0,123,159,1,2,0,10,0,83
SC,MACIEIRA,1283,676,0,89,3,222,39,0,0,11,173,9,17,0,24,11,0,0,0,0,0,9
SC,MAFRA,50908,26844,0,1590,504,5455,2170,1,15,110,8836,1977,173,0,1759,607,10,52,0,9,7,789
SC,MAJOR GERCINO,2725,1251,0,173,10,313,91,0,1,12,577,166,11,0,68,12,0,4,0,10,0,26
SC,MAJOR VIEIRA,5927,2747,0,247,24,825,126,0,1,7,1529,225,25,0,93,40,0,1,0,0,1,36
SC,MARACAJA,7329,3633,0,269,196,530,214,0,4,8,1444,349,20,0,219,342,0,9,0,0,1,91
SC,MARAVILHA,27192,13169,0,1068,621,2819,1238,0,10,46,3743,1986,103,0,827,991,2,31,0,11,7,520
SC,MAREMA,1754,925,0,78,21,312,50,0,1,6,241,37,10,0,29,21,0,2,0,1,0,20
SC,MASSARANDUBA,15107,6973,0,689,172,1665,476,0,3,43,3281,811,38,1,472,204,1,38,0,11,4,225
SC,MATOS COSTA,2125,1223,0,81,12,300,67,0,1,10,287,19,23,0,60,21,0,1,0,1,0,19
SC,MELEIRO,7159,3333,0,317,113,863,177,0,1,21,1439,265,23,0,276,152,2,2,0,5,2,168
SC,MIRIM DOCE,2211,1148,0,91,12,203,69,0,2,8,461,115,15,0,42,18,1,0,0,1,0,25
SC,MODELO,3601,1932,0,156,45,399,161,0,1,11,545,141,20,0,66,64,0,2,0,0,0,58
SC,MONDAI,9534,4205,0,223,156,688,394,0,2,19,2430,657,62,0,320,237,1,11,0,5,1,123
SC,MONTE CARLO,6403,4110,0,216,93,654,216,0,0,28,562,102,129,0,149,97,0,15,0,2,0,30
SC,MONTE CASTELO,5704,3210,0,231,73,660,160,0,2,24,900,130,33,0,146,85,2,3,0,0,2,43
SC,MORRO DA FUMACA,21161,9565,0,906,365,1378,635,0,28,31,4922,1850,41,0,622,405,2,21,0,20,3,367
SC,MORRO GRANDE,2830,1269,0,211,32,277,48,0,2,5,619,175,11,0,82,52,0,3,0,1,1,42
SC,NAVEGANTES,67575,30128,0,1219,852,3694,2547,0,86,152,15880,9203,108,0,1473,1029,9,69,0,27,16,1083
SC,NOVA ERECHIM,4052,2151,0,180,50,542,145,0,2,10,559,180,18,0,93,53,1,0,0,2,0,66
SC,NOVA ITABERABA,4102,1857,0,166,44,551,78,0,1,11,1065,135,16,0,66,61,0,3,0,0,0,48
SC,NOVA TRENTO,12665,6280,0,357,83,1267,608,0,41,73,2247,1051,53,0,290,83,0,8,0,5,1,218
SC,NOVA VENEZA,12822,6166,0,515,263,1437,456,0,12,33,2492,426,51,0,416,305,0,8,0,11,1,230
SC,NOVO HORIZONTE,1972,1035,0,81,14,292,38,0,0,14,357,44,17,0,34,27,0,0,0,1,0,18
SC,ORLEANS,24563,11076,0,996,808,2194,858,0,9,50,3879,1330,63,0,908,1789,1,26,0,1,2,573
SC,OTACILIO COSTA,15599,8896,0,588,511,1637,395,0,7,49,1420,371,73,0,643,842,4,15,0,3,5,140
SC,OURO,6550,3304,0,291,112,852,173,0,2,30,982,392,27,0,172,131,1,6,0,2,1,72
SC,OURO VERDE,1858,826,0,121,22,291,58,0,1,6,383,38,5,0,38,36,0,3,0,1,0,29
SC,PAIAL,1213,582,0,30,19,160,33,0,0,2,276,42,12,0,20,27,0,1,0,0,0,9
SC,PAINEL,1361,787,0,47,3,253,33,0,0,10,162,7,12,0,35,4,0,0,0,1,0,7
SC,PALHOCA,163774,88544,0,3501,702,10970,7516,2,102,269,32586,9624,479,0,5042,856,3,240,0,142,20,3176
SC,PALMA SOLA,6430,3459,0,239,88,805,265,0,3,14,1032,175,47,0,78,114,0,3,0,1,0,107
SC,PALMEIRA,2376,1115,0,170,135,306,58,0,0,8,275,31,7,0,60,183,0,4,0,1,0,23
SC,PALMITOS,16619,7329,0,521,1084,1618,442,0,0,57,2788,818,72,0,423,1234,6,13,0,1,1,212
SC,PAPANDUVA,15289,7943,0,699,126,1887,407,0,1,24,2928,516,120,0,302,174,2,9,0,0,2,149
SC,PARAISO,3303,1764,0,114,17,390,95,0,0,10,732,80,16,0,34,25,0,1,0,0,0,25
SC,PASSO DE TORRES,15903,8121,0,252,32,1629,1003,1,45,33,2016,797,44,0,1010,32,4,96,0,16,6,766
SC,PASSOS MAIA,3262,1779,0,167,36,492,97,0,0,10,430,52,74,0,53,41,0,0,0,0,0,31
SC,PAULO LOPES,7513,3477,0,314,116,678,252,0,4,15,1590,368,49,0,345,149,0,17,0,12,2,125
SC,PEDRAS GRANDES,4475,1780,0,296,68,410,97,0,4,23,1266,269,23,0,82,96,0,1,0,0,0,60
SC,PENHA,26327,12947,0,521,231,1932,1179,0,48,67,4984,2686,73,0,780,296,11,42,0,13,4,513
SC,PERITIBA,2722,1469,0,160,55,359,83,0,0,4,364,70,8,0,56,57,0,2,0,0,0,35
SC,PESCARIA BRAVA,6245,2814,0,203,75,481,211,0,8,8,1392,612,12,0,204,101,0,12,0,14,2,96
SC,PETROLANDIA,5905,2925,0,226,88,670,195,0,0,10,1115,238,33,0,170,143,0,3,0,0,0,89
SC,PINHALZINHO,19777,10472,0,686,473,2124,913,0,10,32,2445,1041,80,0,492,535,6,24,0,3,3,438
SC,PINHEIRO PRETO,3415,1587,0,361,138,408,103,0,0,13,417,125,21,0,55,145,0,0,0,1,0,41
SC,PIRATUBA,5406,2895,0,166,19,643,182,0,2,18,781,331,29,0,180,31,0,10,0,0,5,114
SC,PLANALTO ALEGRE,2502,1299,0,97,18,277,78,0,1,8,526,89,6,0,49,31,0,0,0,1,0,22
SC,POMERODE,30753,17184,0,807,109,2531,1731,0,37,52,4851,1479,83,0,820,193,2,77,0,54,4,739
SC,PONTE ALTA,3350,1983,0,210,77,421,74,0,0,10,293,34,17,0,117,87,0,2,0,3,2,20
SC,PONTE ALTA DO NORTE,2246,1358,0,99,61,306,49,0,0,17,171,25,13,0,52,74,0,2,0,0,0,19
SC,PONTE SERRADA,8973,5305,0,406,153,1100,320,0,2,52,712,156,189,0,238,219,0,4,0,0,2,115
SC,PORTO BELO,23208,11274,0,398,76,2098,1266,0,27,59,4154,1907,52,0,797,107,1,76,0,16,3,897
SC,PORTO UNIAO,34914,19171,0,904,227,3848,1899,0,20,56,5155,1594,56,1,796,306,2,17,0,4,5,853
SC,POUSO REDONDO,14738,8073,0,634,243,1548,473,0,6,27,2107,484,64,0,508,325,1,20,0,10,3,212
SC,PRAIA GRANDE,9677,4338,0,318,21,910,323,0,5,27,2764,281,36,0,376,31,0,20,0,4,2,221
SC,PRESIDENTE CASTELO BRANCO,1618,873,0,99,37,197,29,0,0,7,253,32,6,0,34,40,0,0,0,2,0,9
SC,PRESIDENTE GETULIO,16334,8533,0,425,111,1496,622,1,10,66,2876,1075,116,0,586,103,2,17,0,8,1,286
SC,PRESIDENTE NEREU,1890,869,0,58,5,216,49,0,0,12,536,77,10,0,30,4,0,2,0,0,0,22
SC,PRINCESA,2610,1210,0,103,49,275,96,0,0,8,654,82,14,0,30,69,0,0,0,0,0,20
SC,QUILOMBO,9429,4758,0,327,188,1090,261,0,3,37,1725,392,57,0,185,287,0,6,0,0,2,111
SC,RANCHO QUEIMADO,3244,1436,0,190,14,439,138,0,1,11,658,120,9,0,133,6,0,3,0,4,0,82
SC,RIO DAS ANTAS,4440,2485,0,235,25,623,130,0,0,10,645,74,43,0,107,26,0,3,0,1,0,33
SC,RIO DO CAMPO,5909,3058,0,248,41,722,238,0,1,23,1081,169,31,0,150,35,2,3,0,4,1,102
SC,RIO DO OESTE,6609,3344,0,261,35,761,222,0,1,17,1258,293,36,0,231,30,1,4,0,5,2,108
SC,RIO DO SUL,63961,35739,0,1653,565,5917,3540,0,55,86,7905,3534,164,0,2174,665,7,121,0,42,8,1786
SC,RIO DOS CEDROS,10234,5350,0,342,28,1016,381,0,6,34,2029,409,46,0,367,44,0,8,0,13,2,159
SC,RIO FORTUNA,5704,2406,0,359,60,791,176,0,0,13,1199,318,26,0,103,99,0,1,0,2,0,151
SC,RIO NEGRINHO,38227,20233,0,1185,1060,3568,1424,0,8,80,5530,1071,138,0,1205,2116,6,47,1,9,9,537
SC,RIO RUFINO,1862,1004,0,82,2,221,37,0,0,14,397,34,17,0,30,2,0,3,0,0,0,19
SC,RIQUEZA,4213,2099,0,175,50,419,109,0,1,9,995,125,32,0,87,61,0,3,0,5,1,42
SC,RODEIO,11675,6367,0,418,108,1145,489,0,7,25,1741,579,49,0,392,145,0,21,0,6,0,183
SC,ROMELANDIA,3993,2005,0,113,22,450,81,0,1,14,1078,77,29,0,57,32,0,2,0,4,0,28
SC,SALETE,7919,4071,0,246,75,766,252,0,2,11,1552,476,27,0,204,119,1,8,0,1,0,108
SC,SALTINHO,2952,1538,0,102,11,288,49,0,2,6,788,75,28,0,37,17,0,0,0,0,0,11
SC,SALTO VELOSO,3854,1996,0,201,67,641,121,0,0,18,533,84,15,0,67,64,0,5,0,0,0,42
SC,SANGAO,12516,5349,0,534,611,858,298,0,4,24,2483,1034,20,0,340,713,0,21,0,14,1,212
SC,SANTA CECILIA,12756,7748,0,526,223,1515,399,0,1,52,1074,109,94,0,372,453,2,6,0,17,4,161
SC,SANTA HELENA,2196,1074,0,73,19,261,68,0,0,18,516,77,14,0,36,20,0,0,0,1,0,19
SC,SANTA ROSA DE LIMA,2480,1027,0,167,22,302,48,0,0,9,646,152,10,0,35,34,0,0,0,0,0,28
SC,SANTA ROSA DO SUL,8694,4300,0,321,178,655,287,0,8,14,1654,326,33,0,589,187,0,19,0,3,1,119
SC,SANTA TEREZINHA,5882,2859,0,258,19,787,193,0,0,23,1425,88,35,0,89,21,0,2,0,2,0,81
SC,SANTA TEREZINHA DO PROGRESSO,1891,933,0,63,15,185,33,0,0,13,525,48,27,0,19,22,0,3,0,0,0,5
SC,SANTIAGO DO SUL,1266,562,0,79,19,178,24,0,0,10,266,59,5,0,20,28,0,1,0,0,0,15
SC,SANTO AMARO DA IMPERATRIZ,24478,12240,0,841,128,2300,1034,1,21,37,4471,1619,93,0,869,124,0,26,0,28,3,643
SC,SAO BENTO DO SUL,72081,41509,0,1810,601,6910,3256,2,25,184,9870,2799,275,1,1988,926,31,50,0,14,12,1818
SC,SAO BERNARDINO,1995,1006,0,70,4,239,47,0,0,21,470,55,26,0,28,12,0,0,0,1,1,15
SC,SAO BONIFACIO,3019,1350,0,192,22,375,84,1,0,12,747,103,10,0,52,26,0,0,0,2,0,43
SC,SAO CARLOS,9353,4996,0,264,92,974,275,0,1,21,1704,505,56,0,255,91,2,4,0,1,0,112
SC,SAO CRISTOVAO DO SUL,3353,2090,0,197,89,417,99,0,0,8,220,27,19,0,101,66,0,2,0,1,0,17
SC,SAO DOMINGOS,8328,4223,0,428,157,1151,286,0,3,36,1134,224,83,0,222,243,0,1,0,2,0,135
SC,SAO FRANCISCO DO SUL,40098,20768,0,810,805,2503,1706,0,48,88,7068,2554,118,0,1707,1014,9,154,0,33,12,701
SC,SAO JOAO BATISTA,28616,14972,0,729,117,1996,1009,0,30,49,4979,3502,87,0,604,113,4,26,0,8,6,385
SC,SAO JOAO DO ITAPERIU,4193,1816,0,348,86,399,98,0,2,9,856,225,10,0,197,99,0,5,0,3,0,40
SC,SAO JOAO DO OESTE,6021,2799,0,261,100,714,225,0,0,18,1317,178,24,0,131,146,2,4,0,0,0,102
SC,SAO JOAO DO SUL,8898,4177,0,293,56,818,280,0,4,8,2281,319,24,0,462,50,1,24,0,3,0,98
SC,SAO JOAQUIM,21399,12231,0,1402,69,3638,709,1,2,138,2023,97,303,0,431,59,4,22,0,10,2,258
SC,SAO JOSE,209892,118201,0,4006,600,14217,10843,2,121,286,40339,9230,306,0,5732,726,7,291,0,140,29,4816
SC,SAO JOSE DO CEDRO,13013,6446,0,497,278,1544,497,1,2,25,2211,576,88,0,222,438,3,3,0,3,2,177
SC,SAO JOSE DO CERRITO,5571,3071,0,305,26,898,109,0,0,26,804,30,84,0,129,55,0,3,0,4,0,27
SC,SAO LOURENCO D'OESTE,25849,13742,0,1002,534,2726,962,0,5,59,3685,1009,115,0,667,661,1,34,0,17,9,621
SC,SAO LUDGERO,12898,6229,0,730,129,1244,592,0,5,18,2307,790,32,0,300,134,4,22,0,4,0,358
SC,SAO MARTINHO,3653,1713,0,190,57,378,108,0,0,11,778,148,6,0,85,77,0,9,0,0,1,92
SC,SAO MIGUEL D'OESTE,43879,22253,0,1300,578,4890,2172,0,11,87,6431,2649,151,2,1482,872,5,57,0,10,4,925
SC,SAO MIGUEL DA BOA VISTA,1444,720,0,46,11,155,43,0,0,6,336,57,8,0,37,18,0,1,0,0,0,6
SC,SAO PEDRO DE ALCANTARA,3678,1777,0,180,13,434,147,0,1,10,772,125,5,0,124,10,0,5,0,1,0,74
SC,SAUDADES,8187,4264,0,345,73,861,260,0,1,22,1599,368,50,0,144,99,2,7,0,2,0,90
SC,SCHROEDER,14708,7906,0,339,87,1117,626,0,10,27,2763,842,45,0,541,99,3,18,0,13,1,271
SC,SEARA,16419,8939,0,500,399,1768,510,0,4,105,2323,745,155,0,292,460,4,14,0,0,6,195
SC,SERRA ALTA,2700,1367,0,104,37,333,99,0,0,6,454,108,18,0,73,49,0,1,0,0,0,51
SC,SIDEROPOLIS,11785,6168,0,451,271,1084,447,0,11,27,1953,293,70,0,393,378,0,7,0,8,1,223
SC,SOMBRIO,29661,16104,0,1054,425,2208,1091,0,37,89,4463,1457,133,0,1383,542,5,78,0,7,8,577
SC,SUL BRASIL,2252,1187,0,80,12,225,50,0,1,11,541,66,14,0,29,23,0,4,0,1,0,8
SC,TAIO,17980,9126,0,732,146,1944,737,0,8,32,3167,923,78,0,513,172,9,60,0,11,9,313
SC,TANGARA,7473,3853,0,500,145,995,265,0,1,26,1093,201,64,0,101,143,0,12,0,6,0,68
SC,TIGRINHOS,1877,909,0,54,17,205,40,0,1,6,441,130,13,0,29,19,0,1,0,0,0,12
SC,TIJUCAS,45670,21441,0,1543,1107,3335,1847,0,20,88,7639,4323,124,0,1478,1878,6,55,0,28,3,755
SC,TIMBE DO SUL,4792,2161,0,212,24,494,133,0,7,18,1277,200,22,0,115,33,2,11,0,3,0,80
SC,TIMBO,38913,22027,0,848,137,3279,2058,0,26,82,5475,2198,54,1,1421,185,5,64,1,45,3,1004
SC,TIMBO GRANDE,4904,2705,0,224,33,637,110,0,0,15,871,103,48,0,85,41,0,1,0,1,0,30
SC,TRES BARRAS,14666,8064,0,362,297,1118,396,0,0,40,2210,677,86,0,681,600,1,2,0,3,2,127
SC,TREVISO,3350,1679,0,116,25,345,113,0,0,12,703,139,10,0,103,53,0,1,0,1,0,50
SC,TREZE DE MAIO,8317,3443,0,453,248,682,215,0,6,19,2069,587,32,0,160,276,0,8,0,4,0,115
SC,TREZE TILIAS,8549,4183,0,513,322,1251,310,0,0,22,868,257,70,0,199,375,0,4,0,4,0,171
SC,TROMBUDO CENTRAL,6549,3595,0,256,63,699,265,0,2,20,880,324,27,0,259,72,1,12,0,3,1,70
SC,TUBARAO,111789,53480,0,2879,2194,7904,4879,0,221,128,19781,10090,288,0,2672,3194,45,163,0,36,12,3823
SC,TUNAPOLIS,4421,2044,0,143,52,543,144,0,1,32,1091,126,26,0,88,55,1,0,0,0,0,75
SC,TURVO,13425,6303,0,625,317,1494,430,0,11,29,2290,578,65,0,428,484,3,13,0,13,3,339
SC,UNIAO DO OESTE,2546,1341,0,76,19,265,62,0,0,11,628,38,17,0,50,13,0,2,0,2,0,22
SC,URUBICI,9675,4732,0,362,30,1353,384,0,3,37,1650,344,74,0,409,27,1,28,0,7,3,231
SC,URUPEMA,1612,900,0,92,1,299,44,0,0,18,177,4,13,0,37,2,0,4,0,3,0,18
SC,URUSSANGA,20881,10421,0,556,252,1766,861,0,6,45,4411,1072,82,0,609,332,0,11,0,2,4,451
SC,VARGEAO,3068,1523,0,222,107,401,147,0,1,9,328,67,13,0,78,124,0,3,0,0,0,45
SC,VARGEM,1866,1077,0,80,12,232,54,0,0,4,310,16,16,0,43,16,0,1,0,0,0,5
SC,VARGEM BONITA,3868,2405,0,214,79,479,107,0,1,10,343,27,17,0,93,70,0,5,0,1,0,17
SC,VIDAL RAMOS,5803,2770,0,227,32,690,180,0,0,15,1329,293,18,0,143,26,0,20,0,3,0,57
SC,VIDEIRA,53502,27438,0,2108,1412,5686,1993,0,19,155,7780,3460,209,1,851,1559,1,45,0,14,12,759
SC,VITOR MEIRELES,4150,2108,0,112,13,441,149,0,2,14,998,136,22,0,90,15,0,0,0,4,0,46
SC,WITMARSUM,3768,1867,0,162,65,419,138,0,2,13,711,97,14,0,156,69,0,5,0,0,0,50
SC,XANXERE,47657,24642,0,1498,1022,5364,2389,0,20,146,5506,2797,161,0,1297,1698,2,42,0,24,8,1041
SC,XAVANTINA,2877,1321,0,236,35,557,86,0,0,16,417,58,12,0,47,54,0,0,0,0,1,37
SC,XAXIM,28642,13801,0,941,1514,2834,1180,0,15,80,3609,1310,188,0,509,2212,3,22,0,0,9,415
SC,ZORTEA,2121,1223,0,54,4,301,61,0,0,13,319,60,13,0,49,6,1,0,0,0,0,17
